study,plane,fluid,spacing,fov_mm,dx_mm,dy_mm,outside_frac,crop_covers_image
1.2.826.0.1.3680043.8.498.10004873229099053869093324292195817260,Sagittal,1,0.330078125,169.0,25.870062703079135,-0.7646501980353388,0.1949087751422881,False
1.2.826.0.1.3680043.8.498.10004873229099053869093324292195817260,Sagittal,0,0.26406249403953,168.9999961852992,2.0910561546699444,-10.98109009976549,0.17565099508576376,False
1.2.826.0.1.3680043.8.498.10004873229099053869093324292195817260,Coronal,1,0.30745044350624,172.17224836349442,5.959986538729903,-4.914569341336575,0.22321848775449082,False
1.2.826.0.1.3680043.8.498.10004873229099053869093324292195817260,Coronal,0,0.29891017079353,172.17225837707326,8.356255424264848,-2.889629774546144,0.18007267027643203,False
1.2.826.0.1.3680043.8.498.10004873229099053869093324292195817260,Axial,-1,0.28771233558654,161.11890792846242,6.450719057932963,5.703276874135176,0.012118961153295915,False
1.2.826.0.1.3680043.8.498.10029168398037940681915299760479434938,Sagittal,1,0.234375,150.0,15.846748081162056,-3.8095171804466554,0.0737220946296736,False
1.2.826.0.1.3680043.8.498.10029168398037940681915299760479434938,Sagittal,0,0.390625,150.0,5.515138442230761,-8.821267844536829,0.050827515883598684,False
1.2.826.0.1.3680043.8.498.10029168398037940681915299760479434938,Coronal,1,0.5,160.0,2.521180526360041,-4.324501807786092,0.14923063987219376,False
1.2.826.0.1.3680043.8.498.10029168398037940681915299760479434938,Coronal,0,0.41666665673256,159.99999618530302,3.697399620625198,-9.943146919070172,0.06861081795957624,False
1.2.826.0.1.3680043.8.498.10029168398037940681915299760479434938,Axial,-1,0.234375,150.0,3.1408892498284002,9.600257338220715,0.0,False
1.2.826.0.1.3680043.8.498.10081117556977868957150377234052259018,Sagittal,1,0.25,160.0,21.918031414568816,4.9658667163861026,0.2181440443213296,False
1.2.826.0.1.3680043.8.498.10081117556977868957150377234052259018,Sagittal,0,0.41666665673256,159.99999618530302,2.6655749774427786,-11.173131092567631,0.08976849029587308,False
1.2.826.0.1.3680043.8.498.10081117556977868957150377234052259018,Coronal,1,0.25,160.0,-13.704251923207082,-7.784908182371922,0.28258172220091593,False
1.2.826.0.1.3680043.8.498.10081117556977868957150377234052259018,Coronal,0,0.41666665673256,159.99999618530302,-0.4762957970858863,0.9803272383878044,0.05468406977208318,False
1.2.826.0.1.3680043.8.498.10081117556977868957150377234052259018,Axial,-1,0.234375,150.0,-2.705248173196515,-0.09444962686567582,0.02655990878938641,False
1.2.826.0.1.3680043.8.498.10100718559177860518999368876392117659,Sagittal,1,0.5859,149.9904,6.164393655426065,-2.822408437443778,0.05125232374517763,False
1.2.826.0.1.3680043.8.498.10100718559177860518999368876392117659,Sagittal,0,0.293,150.016,-5.909778276058573,-5.7344859559145345,0.04012949794768883,False
1.2.826.0.1.3680043.8.498.10100718559177860518999368876392117659,Coronal,1,0.5859,149.9904,0.08379192347397846,-3.1206861181277024,0.05221077602301927,False
1.2.826.0.1.3680043.8.498.10100718559177860518999368876392117659,Coronal,0,0.293,150.016,-0.875660683819013,-0.04748027707636671,0.041431788712209094,False
1.2.826.0.1.3680043.8.498.10100718559177860518999368876392117659,Axial,-1,0.5859,149.9904,1.4524423704152831,3.6983982903910255,0.0,False
1.2.826.0.1.3680043.8.498.10133843191898064967257276100779798471,Sagittal,1,0.2421875,155.0,5.5190022067275635,-3.1790257769073875,0.09584646123107665,False
1.2.826.0.1.3680043.8.498.10133843191898064967257276100779798471,Sagittal,0,0.17299106717109,154.99999618529665,3.4500418567342397,-7.7263820634000355,0.05286246669186201,False
1.2.826.0.1.3680043.8.498.10133843191898064967257276100779798471,Coronal,1,0.2734375,175.0,-1.171573781547346,-0.8608640119493893,0.16405299907538562,False
1.2.826.0.1.3680043.8.498.10133843191898064967257276100779798471,Coronal,0,0.2734375,175.0,0.5378627464452035,5.808037246074436,0.09545584638601234,False
1.2.826.0.1.3680043.8.498.10133843191898064967257276100779798471,Axial,-1,0.46875,165.0,3.62267692574318,18.33422641499817,0.029400970517473368,False
1.2.826.0.1.3680043.8.498.10155611590208164695256621422536643320,Sagittal,1,0.35416665673255,169.99999523162398,15.79257450383165,-11.68921797228868,0.21049192639879832,False
1.2.826.0.1.3680043.8.498.10155611590208164695256621422536643320,Sagittal,0,0.3035714328289,170.000002384184,5.537951888569308,-18.345365242151313,0.19031360917283713,False
1.2.826.0.1.3680043.8.498.10155611590208164695256621422536643320,Coronal,1,0.33203125,170.0,0.6040668607821897,-15.648250670201305,0.14248999597794,False
1.2.826.0.1.3680043.8.498.10155611590208164695256621422536643320,Coronal,0,0.3035714328289,170.000002384184,-0.6363557314573983,-12.54672426649716,0.11007055805003207,False
1.2.826.0.1.3680043.8.498.10155611590208164695256621422536643320,Axial,-1,0.22510793805122,162.0777153968784,-5.741421711029734,-3.3470051171047253,0.002998961897804575,False
1.2.826.0.1.3680043.8.498.10182565688010898600749222617373997197,Sagittal,1,0.25,160.0,9.237364572988568,-3.601946756903658,0.10370306797608397,False
1.2.826.0.1.3680043.8.498.10182565688010898600749222617373997197,Sagittal,0,0.25,160.0,-7.0953367154722145,-18.665055869509374,0.06403944401632555,False
1.2.826.0.1.3680043.8.498.10182565688010898600749222617373997197,Coronal,1,0.2594,150.452,0.16214529729637409,-11.697627386270238,0.09084328011821163,False
1.2.826.0.1.3680043.8.498.10182565688010898600749222617373997197,Coronal,0,0.2951,146.3696,-3.016529620110153,-24.16686602833874,0.09145600903827145,False
1.2.826.0.1.3680043.8.498.10182565688010898600749222617373997197,Axial,-1,0.2344,150.016,2.184163957751276,7.1730457076660965,0.007227711527541203,False
1.2.826.0.1.3680043.8.498.10209387047693448282446870911381660585,Sagittal,1,0.390625,150.0,9.923381093443028,-13.334111161847172,0.07524967256057624,False
1.2.826.0.1.3680043.8.498.10209387047693448282446870911381660585,Sagittal,0,0.3515625,157.5,21.98304374736336,-27.961838523018596,0.22067779376291285,False
1.2.826.0.1.3680043.8.498.10209387047693448282446870911381660585,Coronal,1,0.41666666666667,160.00000000000128,3.32110422928254,-23.928341100741243,0.11113274357819936,False
1.2.826.0.1.3680043.8.498.10209387047693448282446870911381660585,Coronal,0,0.25,160.0,7.095378707959711,-29.078617536985405,0.10797980559113862,False
1.2.826.0.1.3680043.8.498.10209387047693448282446870911381660585,Axial,-1,0.390625,150.0,-3.83306071155205,5.877540074481868,0.0035798398492699057,False
1.2.826.0.1.3680043.8.498.10247930792182001003497189021027466833,Sagittal,1,0.625,160.0,10.56255514937602,-5.732872179503339,0.11473591327366695,False
1.2.826.0.1.3680043.8.498.10247930792182001003497189021027466833,Sagittal,0,0.5,160.0,5.090382966561876,-12.34989758978756,0.07568829189292181,False
1.2.826.0.1.3680043.8.498.10247930792182001003497189021027466833,Coronal,1,0.625,160.0,9.520719990739668,-5.516755411505958,0.14929968746382682,False
1.2.826.0.1.3680043.8.498.10247930792182001003497189021027466833,Coronal,0,0.625,160.0,14.675735712254756,-4.007072789309074,0.10770543076485639,False
1.2.826.0.1.3680043.8.498.10247930792182001003497189021027466833,Axial,-1,0.6640625,170.0,-0.4727399293697643,7.786395674868056,0.0,False
1.2.826.0.1.3680043.8.498.10274314637471308855247991547659839029,Sagittal,1,0.25,160.0,11.495698904203735,-4.784230269940053,0.1298652208774006,False
1.2.826.0.1.3680043.8.498.10274314637471308855247991547659839029,Sagittal,0,0.16666667163372,160.0000047683712,8.184436933220029,-17.6231736481133,0.09193506211035918,False
1.2.826.0.1.3680043.8.498.10274314637471308855247991547659839029,Coronal,1,0.3125,160.0,-0.3274552151264487,-7.664538432479722,0.13965325274375695,False
1.2.826.0.1.3680043.8.498.10274314637471308855247991547659839029,Coronal,0,0.3125,160.0,-0.5934967342611941,-9.309778729097564,0.06102315083951715,False
1.2.826.0.1.3680043.8.498.10274314637471308855247991547659839029,Axial,-1,0.4296875,165.0,-0.1536285050916253,7.148420985515504,0.0,False
1.2.826.0.1.3680043.8.498.10309477218703786877612946261946268132,Sagittal,1,0.332,169.984,18.8601895128867,-1.5810395276990117,0.15149815904185537,False
1.2.826.0.1.3680043.8.498.10309477218703786877612946261946268132,Sagittal,0,0.332,169.984,13.461287520429241,-2.3909062567455033,0.15475346140799906,False
1.2.826.0.1.3680043.8.498.10309477218703786877612946261946268132,Coronal,1,0.332,169.984,9.717414353918407,-3.9445473741412087,0.1531653922291658,False
1.2.826.0.1.3680043.8.498.10309477218703786877612946261946268132,Coronal,0,0.332,169.984,5.671500139169159,-0.35322214877183344,0.11515378192192605,False
1.2.826.0.1.3680043.8.498.10309477218703786877612946261946268132,Axial,-1,0.332,169.984,5.2059538401254,11.3723920062696,0.0502938871473354,False
1.2.826.0.1.3680043.8.498.10327608571317884761792196888985963332,Sagittal,1,0.2734,139.9808,4.0436858893435,-2.021374976869459,0.0,True
1.2.826.0.1.3680043.8.498.10327608571317884761792196888985963332,Sagittal,0,0.1367,139.9808,-4.8997320406660885,-3.131785860430971,0.0,True
1.2.826.0.1.3680043.8.498.10327608571317884761792196888985963332,Coronal,1,0.2734,139.9808,-5.31560336556105,-2.4803364039740874,0.0,True
1.2.826.0.1.3680043.8.498.10327608571317884761792196888985963332,Axial,-1,0.2734,139.9808,-4.981858748182297,0.10822523900869062,0.0,True
1.2.826.0.1.3680043.8.498.10354576637002647863048798607011636355,Sagittal,1,0.703125,180.0,10.47536667500358,-13.41936722881235,0.16495640988995286,False
1.2.826.0.1.3680043.8.498.10354576637002647863048798607011636355,Sagittal,0,0.5625,180.0,-4.846975970331236,-20.524848862019912,0.14695522590259436,False
1.2.826.0.1.3680043.8.498.10354576637002647863048798607011636355,Coronal,1,0.78125,200.0,-5.421092464914434,-15.199062489063097,0.22444265565393906,False
1.2.826.0.1.3680043.8.498.10354576637002647863048798607011636355,Coronal,0,0.78125,200.0,-3.9129199944918702,-17.647729619939412,0.09859542825667855,False
1.2.826.0.1.3680043.8.498.10354576637002647863048798607011636355,Axial,-1,0.6640625,170.0,-2.0953248656639243,6.27089516165295,0.0,False
1.2.826.0.1.3680043.8.498.10391178814963564201551003358372148419,Sagittal,1,0.1367,139.9808,9.324119898649915,-2.8797748004198955,0.0,True
1.2.826.0.1.3680043.8.498.10391178814963564201551003358372148419,Sagittal,0,0.293,150.016,11.015368528910319,-3.00528538846297,0.04659184572131836,False
1.2.826.0.1.3680043.8.498.10391178814963564201551003358372148419,Coronal,1,0.1367,139.9808,-3.954699925260638,-1.6400115066325414,0.0,True
1.2.826.0.1.3680043.8.498.10391178814963564201551003358372148419,Coronal,0,0.1367,139.9808,-4.662986227648088,-0.13308218609587855,0.0,True
1.2.826.0.1.3680043.8.498.10391178814963564201551003358372148419,Axial,-1,0.1367,139.9808,-3.4982232752999423,2.1813250451464747,0.0,True
1.2.826.0.1.3680043.8.498.10419993051271996183722192755371692029,Sagittal,1,0.28145694732666,180.1324462890624,17.982192003402258,-2.9017088860141844,0.21082900827605555,False
1.2.826.0.1.3680043.8.498.10419993051271996183722192755371692029,Sagittal,0,0.2857142984867,160.000007152552,9.757343207440709,-5.385735751924057,0.117010469576034,False
1.2.826.0.1.3680043.8.498.10419993051271996183722192755371692029,Coronal,1,0.3125,160.0,2.9507940278930356,-1.089861560974743,0.07689768093440763,False
1.2.826.0.1.3680043.8.498.10419993051271996183722192755371692029,Axial,-1,0.3125,160.0,-15.502701133870831,0.9045415372781385,0.0,False
1.2.826.0.1.3680043.8.498.10445893053733106322562086357169418409,Sagittal,1,0.21875,140.0,10.990639683431151,-5.7245160894809235,0.0,True
1.2.826.0.1.3680043.8.498.10445893053733106322562086357169418409,Sagittal,0,0.21875000596046,140.0000038146944,-1.416300518076328,2.3033666686645975,0.0,True
1.2.826.0.1.3680043.8.498.10445893053733106322562086357169418409,Coronal,1,0.21875,140.0,5.307789879667279,0.45255990559478043,0.0,True
1.2.826.0.1.3680043.8.498.10445893053733106322562086357169418409,Coronal,0,0.21875000596046,140.0000038146944,5.181363762628637,9.51441110947991,0.0,True
1.2.826.0.1.3680043.8.498.10445893053733106322562086357169418409,Axial,-1,0.21875,140.0,1.4873815732486353,1.1689604612552813,0.0,True
1.2.826.0.1.3680043.8.498.10492484093480313596330475837639172625,Sagittal,1,0.3125,160.0,0.9418123902099751,-2.416174576461021,0.11559047877294537,False
1.2.826.0.1.3680043.8.498.10492484093480313596330475837639172625,Sagittal,0,0.3125,160.0,-2.113273027857554,-9.350550610582289,0.0966194278507333,False
1.2.826.0.1.3680043.8.498.10492484093480313596330475837639172625,Coronal,1,0.31449162960052,161.01971435546625,-3.5930166797857135,-7.560013679241107,0.10759280657863735,False
1.2.826.0.1.3680043.8.498.10492484093480313596330475837639172625,Axial,-1,0.30724671483039,176.97410774230465,1.384405469303075,-3.7572219295758034,0.0,False
1.2.826.0.1.3680043.8.498.10521372086358356219840179458708706015,Sagittal,1,0.1897,169.9712,-5.134559496790886,10.407327869292535,0.18615320789711298,False
1.2.826.0.1.3680043.8.498.10521372086358356219840179458708706015,Sagittal,0,0.2125,170.0,-5.139251301872423,5.847488833862453,0.16974958696426834,False
1.2.826.0.1.3680043.8.498.10521372086358356219840179458708706015,Coronal,1,0.2813,180.03199999999998,-15.84797002264956,-1.517977269026372,0.328571499064904,False
1.2.826.0.1.3680043.8.498.10521372086358356219840179458708706015,Axial,-1,0.1771,170.01600000000002,-9.178340388569676,-1.7332665987662592,0.06487965980250321,False
1.2.826.0.1.3680043.8.498.10540980111087702906123811593906850156,Sagittal,1,0.334821,149.999808,18.838655589140263,9.25882329332579,0.10092383107088987,False
1.2.826.0.1.3680043.8.498.10540980111087702906123811593906850156,Sagittal,0,0.585938,150.000128,28.392023962867313,-8.110220238779783,0.09492714779981481,False
1.2.826.0.1.3680043.8.498.10540980111087702906123811593906850156,Coronal,1,0.390625,150.0,-5.8098201739629545,-5.360007693753954,0.08233058898036727,False
1.2.826.0.1.3680043.8.498.10540980111087702906123811593906850156,Coronal,0,0.3125,140.0,-4.127749724762877,-7.666736799203928,0.0,True
1.2.826.0.1.3680043.8.498.10540980111087702906123811593906850156,Axial,-1,0.364583,139.99987199999998,-6.313430874183476,17.805582350647487,0.0,True
1.2.826.0.1.3680043.8.498.10580260109117947709069163110100632085,Sagittal,1,0.31124749779701,159.35871887206912,21.88141827497584,-10.700767486193056,0.1408344279197209,False
1.2.826.0.1.3680043.8.498.10580260109117947709069163110100632085,Sagittal,0,0.31124749779701,159.35871887206912,10.477880408136144,-12.72461324790183,0.13824575928718574,False
1.2.826.0.1.3680043.8.498.10580260109117947709069163110100632085,Coronal,1,0.3125,160.0,1.0554414764180997,-11.148655233377696,0.08616113968011463,False
1.2.826.0.1.3680043.8.498.10580260109117947709069163110100632085,Axial,-1,0.3571428656578,160.0000038146944,2.282675160349842,-0.15227284978833366,0.0,False
1.2.826.0.1.3680043.8.498.10601711635138681269270505152909539290,Sagittal,1,0.33854166666667,130.00000000000128,9.699358408112705,-1.043253749506753,0.0,True
1.2.826.0.1.3680043.8.498.10601711635138681269270505152909539290,Sagittal,0,0.3515625,180.0,29.094669078578235,-19.70793418924491,0.29362056653177815,False
1.2.826.0.1.3680043.8.498.10601711635138681269270505152909539290,Coronal,1,0.33854166666667,130.00000000000128,6.770801488571226,-15.364800530942153,0.0,True
1.2.826.0.1.3680043.8.498.10601711635138681269270505152909539290,Coronal,0,0.25,160.0,5.588043447261526,-14.52229605576764,0.14096729640207462,False
1.2.826.0.1.3680043.8.498.10601711635138681269270505152909539290,Axial,-1,0.36458333333333,139.99999999999872,4.8361547437472145,9.098719795506137,0.0,True
1.2.826.0.1.3680043.8.498.10627795990821506536342369227971125477,Sagittal,1,0.234375,150.0,18.650068324385373,-11.49889239146968,0.05124839443856055,False
1.2.826.0.1.3680043.8.498.10627795990821506536342369227971125477,Sagittal,0,0.390625,150.0,0.36709446906616483,-18.550130383203513,0.04684394305667472,False
1.2.826.0.1.3680043.8.498.10627795990821506536342369227971125477,Coronal,1,0.5,160.0,2.4690704440310896,-19.825869223064814,0.15176229312729528,False
1.2.826.0.1.3680043.8.498.10627795990821506536342369227971125477,Coronal,0,0.41666665673256,159.99999618530302,0.400880123235341,-11.221716512095208,0.05121748021357975,False
1.2.826.0.1.3680043.8.498.10627795990821506536342369227971125477,Axial,-1,0.25,160.0,-0.06967835450028304,12.960768024769266,0.0,False
1.2.826.0.1.3680043.8.498.10657584461509809047185519742966035356,Sagittal,1,0.33333334326744,160.0000047683712,5.4457345900605665,-1.4168767886895874,0.1255369639603907,False
1.2.826.0.1.3680043.8.498.10657584461509809047185519742966035356,Sagittal,0,0.3125,160.0,-1.0192408537415876,-7.480667206951974,0.13531649822477687,False
1.2.826.0.1.3680043.8.498.10657584461509809047185519742966035356,Coronal,1,0.3125,160.0,-6.958334392152876,-2.7043455542284978,0.06347199634071965,False
1.2.826.0.1.3680043.8.498.10657584461509809047185519742966035356,Coronal,0,0.25,160.0,-6.5327226873354505,0.7603910895482642,0.0907414529282411,False
1.2.826.0.1.3680043.8.498.10657584461509809047185519742966035356,Axial,-1,0.3125,150.0,-5.791352957385909,2.4720939483368554,0.0,False
1.2.826.0.1.3680043.8.498.10702284568670902901846767166679293654,Sagittal,1,0.22727273404598,160.00000476836993,34.74839601965463,-0.8450559660445078,0.19857913950003758,False
1.2.826.0.1.3680043.8.498.10702284568670902901846767166679293654,Sagittal,0,0.40000000596046,160.000002384184,10.21842018502071,-10.865124116446594,0.1414944554876295,False
1.2.826.0.1.3680043.8.498.10702284568670902901846767166679293654,Coronal,1,0.25,160.0,-0.978046222206487,-10.121302311995464,0.09279847047160461,False
1.2.826.0.1.3680043.8.498.10702284568670902901846767166679293654,Coronal,0,0.22727273404598,160.00000476836993,-3.348197695127049,-7.226702788681834,0.07138240574506283,False
1.2.826.0.1.3680043.8.498.10702284568670902901846767166679293654,Axial,-1,0.25,160.0,-3.1551578616784326,19.249349808132067,0.031012925323623763,False
1.2.826.0.1.3680043.8.498.10739653650865735867752564520952904802,Sagittal,1,0.22499999403953,179.999995231624,10.498923820238307,-25.849129193756337,0.17715409270881033,False
1.2.826.0.1.3680043.8.498.10739653650865735867752564520952904802,Sagittal,0,0.41666665673255,179.9999957084616,3.3922824903648627,-34.375290538002716,0.1816399124407151,False
1.2.826.0.1.3680043.8.498.10739653650865735867752564520952904802,Coronal,1,0.24147726595401,169.99999523162305,-3.6494449225230063,-41.7822001510579,0.22949380165289257,False
1.2.826.0.1.3680043.8.498.10739653650865735867752564520952904802,Coronal,0,0.22727273404598,160.00000476836993,-2.518486107554927,-27.09502400462984,0.07844927818280711,False
1.2.826.0.1.3680043.8.498.10739653650865735867752564520952904802,Axial,-1,0.25,160.0,8.78663967047953,27.793632239570286,0.0,False
1.2.826.0.1.3680043.8.498.10765617676329232046176300833850901740,Sagittal,1,0.34699714183807,166.5586280822736,2.9485286555376433,-1.9416234969101849,0.16278632033127738,False
1.2.826.0.1.3680043.8.498.10765617676329232046176300833850901740,Sagittal,0,0.26485043764114,169.50428009032962,1.5484899676565214,-14.232329770795438,0.15360571556150926,False
1.2.826.0.1.3680043.8.498.10765617676329232046176300833850901740,Coronal,1,0.30745044350624,172.17224836349442,-1.0350530007081409,-1.7675294832774329,0.17298439835575485,False
1.2.826.0.1.3680043.8.498.10765617676329232046176300833850901740,Coronal,0,0.29891017079353,172.17225837707326,-1.7399577993318824,0.11614440035211032,0.13857088846880905,False
1.2.826.0.1.3680043.8.498.10765617676329232046176300833850901740,Axial,-1,0.27851873636245,155.970492362972,-9.337422562828367,0.48847299420011964,0.0,False
1.2.826.0.1.3680043.8.498.10808663384878038371710260386807468588,Sagittal,1,0.22727273404598,160.00000476836993,32.24514325117381,-0.30695176183362133,0.14134747302458384,False
1.2.826.0.1.3680043.8.498.10808663384878038371710260386807468588,Sagittal,0,0.40000000596046,160.000002384184,2.7214141592572356,-0.9447560842218393,0.14975831834532372,False
1.2.826.0.1.3680043.8.498.10808663384878038371710260386807468588,Coronal,1,0.25,160.0,0.30817149619154804,-2.202456204734901,0.10946382162838253,False
1.2.826.0.1.3680043.8.498.10808663384878038371710260386807468588,Coronal,0,0.22727273404598,160.00000476836993,-1.2415641348651008,-0.26941732000310986,0.093415242992826,False
1.2.826.0.1.3680043.8.498.10808663384878038371710260386807468588,Axial,-1,0.25,160.0,4.015055056221428,5.886636883166403,0.010576938355039811,False
1.2.826.0.1.3680043.8.498.10848350333764008140459854470293737650,Sagittal,1,0.2857142984867,160.000007152552,3.3504468328493067,-2.6504372411577686,0.12201264097161979,False
1.2.826.0.1.3680043.8.498.10848350333764008140459854470293737650,Sagittal,0,0.2857142984867,160.000007152552,-4.24447038201761,-12.73174687997541,0.10821987967924662,False
1.2.826.0.1.3680043.8.498.10848350333764008140459854470293737650,Coronal,1,0.322265625,165.0,-5.088279348892435,1.3329155096906076,0.16026106782251393,False
1.2.826.0.1.3680043.8.498.10848350333764008140459854470293737650,Coronal,0,0.2578125,165.0,-6.712430389341306,-4.123165772377367,0.08549416215470129,False
1.2.826.0.1.3680043.8.498.10848350333764008140459854470293737650,Axial,-1,0.39998057484626,191.9906759262048,-3.299450552329051,1.9405655738853647,0.0,False
1.2.826.0.1.3680043.8.498.10876177342063734507664188801203192617,Sagittal,1,0.2214,170.0352,7.816080839700603,-1.513819910728213,0.13161741774520508,False
1.2.826.0.1.3680043.8.498.10876177342063734507664188801203192617,Sagittal,0,0.2214,170.0352,-3.6680933611564512,-19.34182089426653,0.11189270147922525,False
1.2.826.0.1.3680043.8.498.10876177342063734507664188801203192617,Coronal,1,0.25,135.0,4.948616779398193,-15.05587345529267,0.15265846628043034,True
1.2.826.0.1.3680043.8.498.10876177342063734507664188801203192617,Coronal,0,0.25,135.0,1.8771540550549304,-7.88540149364276,0.04989507468213805,True
1.2.826.0.1.3680043.8.498.10876177342063734507664188801203192617,Axial,-1,0.2344,150.016,0.4741899960489964,9.374964433748787,0.0,False
1.2.826.0.1.3680043.8.498.10918580785296934228715514366408269433,Sagittal,1,0.416667,160.00012800000002,26.84221030728618,-0.26320903100251514,0.14373895956969618,False
1.2.826.0.1.3680043.8.498.10918580785296934228715514366408269433,Sagittal,0,0.416667,160.00012800000002,11.31088920718541,-7.131931173542988,0.14254356493302867,False
1.2.826.0.1.3680043.8.498.10918580785296934228715514366408269433,Coronal,1,0.416667,160.00012800000002,-3.241459175798315,-0.7414248551519081,0.021616031027795746,False
1.2.826.0.1.3680043.8.498.10918580785296934228715514366408269433,Coronal,0,0.416667,160.00012800000002,-0.05956880183935557,-6.651602043265527,0.06765429861520111,False
1.2.826.0.1.3680043.8.498.10918580785296934228715514366408269433,Axial,-1,0.5125,153.75,-6.2697838107477395,13.174000642564847,0.015083364334269045,False
1.2.826.0.1.3680043.8.498.10937504474673840994058935502377258768,Sagittal,1,0.3125,160.0,10.730453579150048,-3.412649583040359,0.11124181030800473,False
1.2.826.0.1.3680043.8.498.10937504474673840994058935502377258768,Sagittal,0,0.1563,160.0512,7.338067245419703,-9.472493008008344,0.09353381961860285,False
1.2.826.0.1.3680043.8.498.10937504474673840994058935502377258768,Coronal,1,0.3125,160.0,-11.144752687860011,-3.2278827389329834,0.14047242495030543,False
1.2.826.0.1.3680043.8.498.10937504474673840994058935502377258768,Coronal,0,0.1563,160.0512,-7.973004764285178,3.2006137368779477,0.04467894999940958,False
1.2.826.0.1.3680043.8.498.10937504474673840994058935502377258768,Axial,-1,0.3125,160.0,-1.6351031981260622,7.8832731792432575,0.0,False
1.2.826.0.1.3680043.8.498.10981062990502278795793220223076241424,Sagittal,1,0.416667,160.00012800000002,10.564283723400633,-3.4000493580634434,0.13679291819510841,False
1.2.826.0.1.3680043.8.498.10981062990502278795793220223076241424,Sagittal,0,0.416667,160.00012800000002,3.6926580159005864,3.1417650504139147,0.09205325013737964,False
1.2.826.0.1.3680043.8.498.10981062990502278795793220223076241424,Coronal,1,0.416667,145.000116,6.717485993239007,-3.345533681745309,0.1375200390325504,False
1.2.826.0.1.3680043.8.498.10981062990502278795793220223076241424,Coronal,0,0.416667,160.00012800000002,10.778869659396918,-3.060900417400848,0.09832995334508021,False
1.2.826.0.1.3680043.8.498.10981062990502278795793220223076241424,Axial,-1,0.5125,153.75,-0.6889378759572199,3.213370475682106,0.00141657599211642,False
1.2.826.0.1.3680043.8.498.11007527194601989039620198927241696256,Sagittal,1,0.416667,160.00012800000002,16.766354868462184,4.46920447695826,0.14438722627136769,False
1.2.826.0.1.3680043.8.498.11007527194601989039620198927241696256,Sagittal,0,0.416667,160.00012800000002,14.998200223951942,17.219652029325854,0.16913399940252927,False
1.2.826.0.1.3680043.8.498.11007527194601989039620198927241696256,Coronal,1,0.416667,145.000116,-14.706142726387682,5.86650103178042,0.10166165451857889,False
1.2.826.0.1.3680043.8.498.11007527194601989039620198927241696256,Coronal,0,0.416667,160.00012800000002,-11.227342589944364,11.384255965011334,0.08631087299951923,False
1.2.826.0.1.3680043.8.498.11007527194601989039620198927241696256,Axial,-1,0.5125,153.75,-9.496400495437419,14.381298501049006,0.07545309774778186,False
1.2.826.0.1.3680043.8.498.11050604958275820465127935558416408008,Sagittal,1,0.1367,139.9808,10.20657403527217,-2.5278531116742005,0.0,True
1.2.826.0.1.3680043.8.498.11050604958275820465127935558416408008,Sagittal,0,0.3906,199.9872,9.094061656813823,-11.897601028790788,0.22879846449136276,False
1.2.826.0.1.3680043.8.498.11050604958275820465127935558416408008,Coronal,1,0.1563,160.0512,-1.8775813987676218,-5.074178425320808,0.10774816706931767,False
1.2.826.0.1.3680043.8.498.11050604958275820465127935558416408008,Coronal,0,0.1563,160.0512,-0.766026791234343,-4.044292613337923,0.0642248245576269,False
1.2.826.0.1.3680043.8.498.11050604958275820465127935558416408008,Axial,-1,0.1367,139.9808,-3.810582753674649,13.13193517230388,0.0,True
1.2.826.0.1.3680043.8.498.11084010833221855396433326769153950681,Sagittal,1,0.332,169.984,5.326866008079577,-9.030468751060868,0.07624673252537595,False
1.2.826.0.1.3680043.8.498.11084010833221855396433326769153950681,Sagittal,0,0.332,169.984,2.426464389114077,-25.992840111056676,0.09095363235490628,False
1.2.826.0.1.3680043.8.498.11084010833221855396433326769153950681,Coronal,1,0.6641,170.0096,-14.497386807482323,-34.9766069632149,0.17336436051194848,False
1.2.826.0.1.3680043.8.498.11084010833221855396433326769153950681,Coronal,0,0.332,169.984,0.9075715463859949,-24.274336785898992,0.06512349561789743,False
1.2.826.0.1.3680043.8.498.11084010833221855396433326769153950681,Axial,-1,0.332,169.984,4.698511634108939,11.047734026712897,0.014334288952596808,False
1.2.826.0.1.3680043.8.498.11125718814639515292482773418372267821,Sagittal,1,0.3169946372509,162.3012542724608,6.683198777340584,-3.400543305959676,0.1470478130007038,False
1.2.826.0.1.3680043.8.498.11125718814639515292482773418372267821,Sagittal,0,0.24705535173416,166.0211963653555,1.970680295478419,-5.223027017406959,0.13643707830609964,False
1.2.826.0.1.3680043.8.498.11125718814639515292482773418372267821,Coronal,1,0.30125352740287,154.24180603026943,-7.528422219709425,-9.94101305790374,0.10423048454136541,False
1.2.826.0.1.3680043.8.498.11125718814639515292482773418372267821,Coronal,0,0.29212462902069,154.2418041229243,-3.775854633427334,5.070701734811915,0.08368917389664277,False
1.2.826.0.1.3680043.8.498.11125718814639515292482773418372267821,Axial,-1,0.27591297030448,158.92587089538046,-3.5448128622731563,3.3574707907947547,0.007523970502445687,False
1.2.826.0.1.3680043.8.498.11150597567791052354257165699079348456,Sagittal,1,0.36057692307692,149.99999999999872,-2.27210406465785,-4.083346837369673,0.055470675902406064,False
1.2.826.0.1.3680043.8.498.11150597567791052354257165699079348456,Sagittal,0,0.3125,150.0,-10.928816200163638,-9.52254252568208,0.04000040404448535,False
1.2.826.0.1.3680043.8.498.11150597567791052354257165699079348456,Coronal,1,0.46875,150.0,3.441639833956711,-3.178812950906895,0.06064257656614347,False
1.2.826.0.1.3680043.8.498.11150597567791052354257165699079348456,Coronal,0,0.29296875,150.0,2.300313142671656,-0.6758678237811205,0.04441066164554808,False
1.2.826.0.1.3680043.8.498.11150597567791052354257165699079348456,Axial,-1,0.33482142857143,150.00000000000063,1.368850893759332,-1.2256251729177758,0.0,False
1.2.826.0.1.3680043.8.498.11191015483427903713800997920940844550,Sagittal,1,0.265625,170.0,11.860583958401035,1.8216018306753812,0.21000218010999272,False
1.2.826.0.1.3680043.8.498.11191015483427903713800997920940844550,Sagittal,0,0.26562500596046,170.00000381469442,-3.278407646246061,-8.911944475419459,0.15978776816741758,False
1.2.826.0.1.3680043.8.498.11191015483427903713800997920940844550,Coronal,1,0.265625,170.0,-4.808413358359265,-1.4240021539231895,0.1955433921286649,False
1.2.826.0.1.3680043.8.498.11191015483427903713800997920940844550,Coronal,0,0.26562500596046,170.00000381469442,-4.4980656591695,-6.7508415252499105,0.11559384332644151,False
1.2.826.0.1.3680043.8.498.11191015483427903713800997920940844550,Axial,-1,0.265625,170.0,1.7560102297121691,5.637913931563398,0.035505838943489576,False
1.2.826.0.1.3680043.8.498.11218351123386367961865331646414911627,Sagittal,1,0.1465,150.016,12.110702863472598,-8.69815232376772,0.06362168205722807,False
1.2.826.0.1.3680043.8.498.11218351123386367961865331646414911627,Sagittal,0,0.293,150.016,19.713092802540707,-13.597377022785183,0.040259980058347744,False
1.2.826.0.1.3680043.8.498.11218351123386367961865331646414911627,Coronal,1,0.1758,180.0192,-3.2691780926869107,-14.51445517926186,0.13926724676433033,False
1.2.826.0.1.3680043.8.498.11218351123386367961865331646414911627,Coronal,0,0.1758,180.0192,-1.7349608378582926,-17.414863670910286,0.09302422271929756,False
1.2.826.0.1.3680043.8.498.11218351123386367961865331646414911627,Axial,-1,0.1465,150.016,2.1748264155832655,5.274276068826886,0.004461910464329977,False
1.2.826.0.1.3680043.8.498.11254890841796835340329521299102281678,Sagittal,1,0.31124749779701,159.35871887206912,11.192410356206391,-5.081454177952203,0.11384049615108927,False
1.2.826.0.1.3680043.8.498.11254890841796835340329521299102281678,Sagittal,0,0.31124749779701,159.35871887206912,-2.611336755655237,-13.005926802585625,0.12608742347760715,False
1.2.826.0.1.3680043.8.498.11254890841796835340329521299102281678,Coronal,1,0.3125,160.0,-3.7841850507798647,-17.277840736265773,0.081340723591936,False
1.2.826.0.1.3680043.8.498.11254890841796835340329521299102281678,Axial,-1,0.35663673281669,159.77325630187713,3.7200908175478733,0.05341986727294528,0.0,False
1.2.826.0.1.3680043.8.498.11277078989123345865112116288626381353,Sagittal,1,0.442708,169.99987199999998,9.176110992536383,-3.1773237356740847,0.17094398571747382,False
1.2.826.0.1.3680043.8.498.11277078989123345865112116288626381353,Sagittal,0,0.379464,169.999872,-7.875478347154424,-16.236817400729162,0.06914663535809185,False
1.2.826.0.1.3680043.8.498.11277078989123345865112116288626381353,Coronal,1,0.401786,180.000128,-2.2704358935313724,0.013477056774016456,0.2111227889267867,False
1.2.826.0.1.3680043.8.498.11277078989123345865112116288626381353,Axial,-1,0.442708,169.99987199999998,-6.578034555625225,4.3054086616804055,0.0,False
1.2.826.0.1.3680043.8.498.11302750434639976191333636496428935632,Sagittal,1,0.25,160.0,27.579759345862257,0.04157165887239955,0.19718534870886228,False
1.2.826.0.1.3680043.8.498.11302750434639976191333636496428935632,Sagittal,0,0.5,160.0,8.294243365090168,-1.928940541000344,0.10700918679823068,False
1.2.826.0.1.3680043.8.498.11302750434639976191333636496428935632,Coronal,1,0.25,160.0,6.811749796608055,-17.91864634833219,0.0636335189936792,False
1.2.826.0.1.3680043.8.498.11302750434639976191333636496428935632,Coronal,0,0.5,160.0,2.4927417751165564,14.08766212245078,0.06613049338253163,False
1.2.826.0.1.3680043.8.498.11302750434639976191333636496428935632,Axial,-1,0.625,160.0,-0.8156059540553251,8.228580637599627,0.016252539459290505,False
1.2.826.0.1.3680043.8.498.11340429352365972769264064439788186260,Sagittal,1,0.3125,160.0,17.684683483102983,6.882820184725169,0.0009503009286273567,False
1.2.826.0.1.3680043.8.498.11340429352365972769264064439788186260,Sagittal,0,0.3125,160.0,0.29191638865105674,-5.500415793254803,0.005550470904313376,False
1.2.826.0.1.3680043.8.498.11340429352365972769264064439788186260,Coronal,1,0.292969,150.000128,6.108226952101008,-3.926268092053288,0.010292948038176042,False
1.2.826.0.1.3680043.8.498.11340429352365972769264064439788186260,Coronal,0,0.292969,150.000128,8.378882767031284,-4.919225913633073,0.010238880398938277,False
1.2.826.0.1.3680043.8.498.11340429352365972769264064439788186260,Axial,-1,0.3125,160.0,10.329542360970425,10.089117263472449,0.004836912479740718,False
1.2.826.0.1.3680043.8.498.11386074316342852649653530230563922899,Sagittal,1,0.416667,160.00012800000002,16.312568225205094,-6.772845243433881,0.14767779859182228,False
1.2.826.0.1.3680043.8.498.11386074316342852649653530230563922899,Sagittal,0,0.416667,160.00012800000002,5.980521934610154,-20.37547590548504,0.13019416742218193,False
1.2.826.0.1.3680043.8.498.11386074316342852649653530230563922899,Coronal,1,0.416667,145.000116,-12.354031873958338,-30.73185328916667,0.1426736111111111,False
1.2.826.0.1.3680043.8.498.11386074316342852649653530230563922899,Coronal,0,0.416667,160.00012800000002,-0.7189468105222233,-13.1282181218957,0.049298641696583934,False
1.2.826.0.1.3680043.8.498.11386074316342852649653530230563922899,Axial,-1,0.5125,153.75,11.970932045270425,6.276159072496504,0.017086882871381937,False
1.2.826.0.1.3680043.8.498.11425019165071014217290822852865654127,Sagittal,1,0.6641,170.0096,12.344619497534634,-2.565836656492132,0.16097675510683263,False
1.2.826.0.1.3680043.8.498.11425019165071014217290822852865654127,Sagittal,0,0.332,169.984,15.201864636626123,1.517120188724297,0.08101830075764704,False
1.2.826.0.1.3680043.8.498.11425019165071014217290822852865654127,Coronal,1,0.6641,170.0096,-2.824996430976434,-6.32602980574981,0.1424760424760425,False
1.2.826.0.1.3680043.8.498.11425019165071014217290822852865654127,Coronal,0,0.6641,170.0096,-0.7181367257177727,1.9958970392995272,0.044715943799633506,False
1.2.826.0.1.3680043.8.498.11425019165071014217290822852865654127,Axial,-1,0.6641,170.0096,-7.463334657721358,19.509258123091758,0.04909207777599234,False
1.2.826.0.1.3680043.8.498.11451981256762378203455481812714370193,Sagittal,1,0.46875,150.0,27.58400986583034,-5.38560154843609,0.015189018901890172,False
1.2.826.0.1.3680043.8.498.11451981256762378203455481812714370193,Sagittal,0,0.4,160.0,4.953089963797584,-12.910769819625854,0.0686410538570722,False
1.2.826.0.1.3680043.8.498.11451981256762378203455481812714370193,Coronal,1,0.46875,150.0,8.405725423353347,-6.337032034557448,0.028600964851826283,False
1.2.826.0.1.3680043.8.498.11451981256762378203455481812714370193,Coronal,0,0.390625,150.0,1.6456237855255629,-0.5715128856611629,0.017348636293738506,False
1.2.826.0.1.3680043.8.498.11451981256762378203455481812714370193,Axial,-1,0.46875,150.0,-1.139946924758033,11.593606904984917,0.0,False
1.2.826.0.1.3680043.8.498.11482325994550095339373157256174349858,Sagittal,1,0.3516,180.0192,4.976313741854359,-6.673572600891739,0.22636904081399334,False
1.2.826.0.1.3680043.8.498.11482325994550095339373157256174349858,Sagittal,0,0.1758,180.0192,-0.8698558802712534,-11.651048126213647,0.17856674752631974,False
1.2.826.0.1.3680043.8.498.11482325994550095339373157256174349858,Coronal,1,0.3516,180.0192,-1.9364355469418038,-3.1956778293336345,0.23122042980106028,False
1.2.826.0.1.3680043.8.498.11482325994550095339373157256174349858,Coronal,0,0.1758,180.0192,-4.580988161095805,-3.051601199109895,0.11834484401963163,False
1.2.826.0.1.3680043.8.498.11482325994550095339373157256174349858,Axial,-1,0.3516,180.0192,-1.9899257618406518,8.656882401174888,0.011453106514910494,False
1.2.826.0.1.3680043.8.498.11506856887791286395737465774061395929,Sagittal,1,0.25,160.0,3.0361599310023166,1.1291939042176011,0.11101816001243736,False
1.2.826.0.1.3680043.8.498.11506856887791286395737465774061395929,Sagittal,0,0.25,160.0,-7.839902491297039,-8.546929393515995,0.06526629881355528,False
1.2.826.0.1.3680043.8.498.11506856887791286395737465774061395929,Coronal,1,0.2594,150.452,-8.496732608464145,5.59601176332772,0.2050755042491108,False
1.2.826.0.1.3680043.8.498.11506856887791286395737465774061395929,Coronal,0,0.2951,146.3696,-7.2505779346474855,-5.494036938376835,0.07795445541849377,False
1.2.826.0.1.3680043.8.498.11506856887791286395737465774061395929,Axial,-1,0.2344,150.016,-2.607060524251018,2.0309505820563336,0.0,False
1.2.826.0.1.3680043.8.498.11542298537902846156898976374522470463,Sagittal,1,0.416667,160.00012800000002,10.004189962250024,-3.279661539948851,0.10375894796537444,False
1.2.826.0.1.3680043.8.498.11542298537902846156898976374522470463,Sagittal,0,0.416667,160.00012800000002,-0.3099019328725998,-13.443720354217408,0.05585452897524501,False
1.2.826.0.1.3680043.8.498.11542298537902846156898976374522470463,Coronal,1,0.416667,160.00012800000002,4.510882731068904,-2.1462357888970076,0.022373725076427764,False
1.2.826.0.1.3680043.8.498.11542298537902846156898976374522470463,Coronal,0,0.416667,160.00012800000002,5.666911463661619,-4.8270800896417105,0.04713266059561905,False
1.2.826.0.1.3680043.8.498.11542298537902846156898976374522470463,Axial,-1,0.5125,153.75,7.726730897796602,9.376013259422269,0.0,False
1.2.826.0.1.3680043.8.498.11569355546217846610131708883985793793,Sagittal,1,0.332,169.984,1.2515740410217349,-10.630906750153612,0.10485121572987677,False
1.2.826.0.1.3680043.8.498.11569355546217846610131708883985793793,Sagittal,0,0.332,169.984,5.229918363551837,-24.174894095769407,0.1039671470633814,False
1.2.826.0.1.3680043.8.498.11569355546217846610131708883985793793,Coronal,1,0.6641,170.0096,28.902293437434054,-35.66766329394387,0.1715551804178097,False
1.2.826.0.1.3680043.8.498.11569355546217846610131708883985793793,Coronal,0,0.332,169.984,10.387732916226538,-24.527117087836196,0.09880555781262701,False
1.2.826.0.1.3680043.8.498.11569355546217846610131708883985793793,Axial,-1,0.332,169.984,-0.8725731687996204,12.026521308993617,0.023553435316070237,False
1.2.826.0.1.3680043.8.498.11592056376890319271545710970155310824,Sagittal,1,0.3125,160.0,25.323475686791976,-0.21868463719695974,0.20048570265451937,False
1.2.826.0.1.3680043.8.498.11592056376890319271545710970155310824,Sagittal,0,0.3125,160.0,7.9579404053842495,-19.52118107573284,0.1276412584128972,False
1.2.826.0.1.3680043.8.498.11592056376890319271545710970155310824,Coronal,1,0.3125,160.0,19.624156157905563,-11.28359947913097,0.0843670755945446,False
1.2.826.0.1.3680043.8.498.11592056376890319271545710970155310824,Coronal,0,0.3125,160.0,6.22853403311753,-14.341942682207138,0.05811188447051885,False
1.2.826.0.1.3680043.8.498.11592056376890319271545710970155310824,Axial,-1,0.625,160.0,-5.800995652937564,8.825854044085357,0.017783437253007794,False
1.2.826.0.1.3680043.8.498.11610585947047502123824835405421129552,Sagittal,1,0.390625,150.0,-8.141067733205986,-12.031229649648346,0.04214060374518824,False
1.2.826.0.1.3680043.8.498.11610585947047502123824835405421129552,Coronal,1,0.20963541666667,113.20312500000179,3.0099828125303585,0.11260683304116596,0.19839826587913523,True
1.2.826.0.1.3680043.8.498.11610585947047502123824835405421129552,Coronal,0,0.25,160.0,-1.107068129038197,-2.591115115771075,0.04728564530592538,False
1.2.826.0.1.3680043.8.498.11610585947047502123824835405421129552,Axial,-1,0.25,160.0,2.485451326363318,-6.19491795898621,0.00048377993388337703,False
1.2.826.0.1.3680043.8.498.11651755040149549966484720727140190853,Sagittal,1,0.885417,170.000064,10.496313895713582,-12.932119474133678,0.08950566595500087,False
1.2.826.0.1.3680043.8.498.11651755040149549966484720727140190853,Sagittal,0,0.416667,160.00012800000002,-7.9086465284163525,-4.81178841496382,0.07717823187171846,False
1.2.826.0.1.3680043.8.498.11651755040149549966484720727140190853,Coronal,1,0.416667,160.00012800000002,3.0323428359794504,-1.800696012798422,0.04276178207551906,False
1.2.826.0.1.3680043.8.498.11651755040149549966484720727140190853,Axial,-1,0.5,160.0,-1.4910908232331224,-1.4441208877695573,0.002014796159294785,False
1.2.826.0.1.3680043.8.498.11685904538570360040472064238371379681,Sagittal,1,0.53125,170.0,6.366184688699943,-10.889157516064571,0.26876812162056263,False
1.2.826.0.1.3680043.8.498.11685904538570360040472064238371379681,Sagittal,0,0.6640625,170.0,8.089029512198833,-3.211103389662931,0.24698831832562662,False
1.2.826.0.1.3680043.8.498.11685904538570360040472064238371379681,Coronal,1,0.53125,170.0,13.642178504117942,0.21724288720213103,0.2869129682699507,False
1.2.826.0.1.3680043.8.498.11685904538570360040472064238371379681,Coronal,0,0.35714286565781,160.00000381469889,11.863927378149222,34.078134195373956,0.24591402135828633,False
1.2.826.0.1.3680043.8.498.11685904538570360040472064238371379681,Axial,-1,0.53125,170.0,17.064371628536712,11.065769519839666,0.16050830472697808,False
1.2.826.0.1.3680043.8.498.11720664166420613534218395854543939928,Sagittal,1,0.4297,220.0064,-3.7652605975959297,-14.351511778454618,0.24238549742654247,False
1.2.826.0.1.3680043.8.498.11720664166420613534218395854543939928,Sagittal,0,0.4297,220.0064,-5.7163019481337765,-14.794051513394992,0.1711484664432067,False
1.2.826.0.1.3680043.8.498.11720664166420613534218395854543939928,Coronal,1,0.4297,220.0064,2.465020452028268,-26.557112171446583,0.25382017919049116,False
1.2.826.0.1.3680043.8.498.11720664166420613534218395854543939928,Coronal,0,0.4297,220.0064,2.3314234470158324,-25.86852911367306,0.1617426281052602,False
1.2.826.0.1.3680043.8.498.11720664166420613534218395854543939928,Axial,-1,0.4492,229.9904,0.959405216117853,5.6588771261818005,0.005599465897099032,False
1.2.826.0.1.3680043.8.498.11762851510866726051342964961256680025,Sagittal,1,0.3516,180.0192,12.54909081496868,-0.7068973288760553,0.20992502677615132,False
1.2.826.0.1.3680043.8.498.11762851510866726051342964961256680025,Sagittal,0,0.2679,180.02880000000002,-10.808283101636349,6.5279049650482,0.07677559844097648,False
1.2.826.0.1.3680043.8.498.11762851510866726051342964961256680025,Coronal,1,0.3516,180.0192,1.2683302578820792,6.140574613598949,0.16523867809057524,False
1.2.826.0.1.3680043.8.498.11762851510866726051342964961256680025,Axial,-1,0.332,169.984,-5.0325600198823635,-11.782135697125346,0.0,False
1.2.826.0.1.3680043.8.498.11791567830371683660578052737702299124,Sagittal,1,0.885417,170.000064,11.180679941489357,-7.796624425531917,0.05756339259691057,False
1.2.826.0.1.3680043.8.498.11791567830371683660578052737702299124,Sagittal,0,0.416667,160.00012800000002,-13.329142088158752,-3.154774679915036,0.06048834628190902,False
1.2.826.0.1.3680043.8.498.11791567830371683660578052737702299124,Coronal,1,0.416667,160.00012800000002,1.2105087393471714,-1.331912651196073,0.024217696028429492,False
1.2.826.0.1.3680043.8.498.11791567830371683660578052737702299124,Axial,-1,0.5,160.0,-2.7154403719912494,0.5210612691466139,0.0,False
1.2.826.0.1.3680043.8.498.11823120042104793954689778719229868108,Sagittal,1,0.416667,160.00012800000002,2.8080029128777104,-5.223723252310619,0.11079202971704127,False
1.2.826.0.1.3680043.8.498.11823120042104793954689778719229868108,Sagittal,0,0.416667,160.00012800000002,-2.1825320954885665,-16.838121944579864,0.06236191290713422,False
1.2.826.0.1.3680043.8.498.11823120042104793954689778719229868108,Coronal,1,0.416667,145.000116,-0.8563188585895426,-2.8901263152578567,0.11260076883693892,False
1.2.826.0.1.3680043.8.498.11823120042104793954689778719229868108,Coronal,0,0.416667,160.00012800000002,-0.3173937341175468,-8.504747593960204,0.05595316249986548,False
1.2.826.0.1.3680043.8.498.11823120042104793954689778719229868108,Axial,-1,0.5125,153.75,3.6206510410766497,4.649285463443364,0.008224392233273647,False
1.2.826.0.1.3680043.8.498.11871142388984150456249558619289234011,Sagittal,1,0.22499999403953,179.999995231624,30.21857120634997,-11.245111085815527,0.18960255152109917,False
1.2.826.0.1.3680043.8.498.11871142388984150456249558619289234011,Sagittal,0,0.41666665673255,179.9999957084616,9.057516984154034,-22.648459295454995,0.16114636357297263,False
1.2.826.0.1.3680043.8.498.11871142388984150456249558619289234011,Coronal,1,0.25,160.0,-1.404062841796346,-20.505434900317297,0.09045081922831189,False
1.2.826.0.1.3680043.8.498.11871142388984150456249558619289234011,Coronal,0,0.22727273404598,160.00000476836993,-2.4229977516596843,-17.471445969738753,0.05487220917354618,False
1.2.826.0.1.3680043.8.498.11871142388984150456249558619289234011,Axial,-1,0.25,160.0,-1.2635867173434718,15.618159631926389,0.0,False
1.2.826.0.1.3680043.8.498.11905397531490569218559534495408776672,Sagittal,1,0.1875,150.0,0.8378015244801844,-20.3944163853843,0.053010072526790464,False
1.2.826.0.1.3680043.8.498.11905397531490569218559534495408776672,Sagittal,0,0.1674,149.9904,0.4148875742722901,-23.01133226057151,0.05644229905841769,False
1.2.826.0.1.3680043.8.498.11905397531490569218559534495408776672,Coronal,1,0.2446,180.0256,-4.229841239774121,-13.033211954339002,0.1657502122670117,False
1.2.826.0.1.3680043.8.498.11905397531490569218559534495408776672,Axial,-1,0.1562,149.952,-1.8360097173987038,3.331031358529112,0.0,False
1.2.826.0.1.3680043.8.498.11923218013055841952315996726408812182,Sagittal,1,0.416667,160.00012800000002,3.553243829984015,-5.082582648907835,0.11700586041555672,False
1.2.826.0.1.3680043.8.498.11923218013055841952315996726408812182,Sagittal,0,0.416667,160.00012800000002,-4.468794956337294,-5.219987938038148,0.03927666229260662,False
1.2.826.0.1.3680043.8.498.11923218013055841952315996726408812182,Coronal,1,0.416667,160.00012800000002,-4.4475838769118665,-1.6726236371995575,0.025537144938091783,False
1.2.826.0.1.3680043.8.498.11923218013055841952315996726408812182,Coronal,0,0.416667,160.00012800000002,-4.870980192857501,3.4656573646436204,0.06944650541623387,False
1.2.826.0.1.3680043.8.498.11923218013055841952315996726408812182,Axial,-1,0.5125,153.75,-5.506026520551195,4.036333229389399,0.0,False
1.2.826.0.1.3680043.8.498.11956771495610267604936834092317960600,Sagittal,1,0.384615,159.99984,14.011959754073708,-7.608835530466554,0.13724987172909187,False
1.2.826.0.1.3680043.8.498.11956771495610267604936834092317960600,Sagittal,0,0.384615,159.99984,4.037015986283471,-20.50325969137819,0.14206401045068584,False
1.2.826.0.1.3680043.8.498.11956771495610267604936834092317960600,Coronal,1,0.384615,159.99984,-1.3950133592795444,5.186567303253835,0.1356896109577469,False
1.2.826.0.1.3680043.8.498.11956771495610267604936834092317960600,Coronal,0,0.384615,159.99984,0.2826476546379989,-4.606255379266461,0.02460270569164813,False
1.2.826.0.1.3680043.8.498.11956771495610267604936834092317960600,Axial,-1,0.384615,159.99984,-6.145733421848196,9.470475631294685,0.0118038689515787,False
1.2.826.0.1.3680043.8.498.11988551795896617815207749665102049499,Sagittal,1,0.24834437668323,190.72848129272063,14.101787136017448,-6.689518506755602,0.23851134389640472,False
1.2.826.0.1.3680043.8.498.11988551795896617815207749665102049499,Sagittal,0,0.53977274894714,190.00000762939328,17.535913651296767,-7.9000677668415005,0.26501756039712343,False
1.2.826.0.1.3680043.8.498.11988551795896617815207749665102049499,Coronal,1,0.24606437981128,192.91447377204352,-4.0771800538235885,-9.549840134426018,0.23497707825265424,False
1.2.826.0.1.3680043.8.498.11988551795896617815207749665102049499,Coronal,0,0.27402624487876,192.91447639464704,-6.249990825938149,-5.501959399770433,0.1937318186644017,False
1.2.826.0.1.3680043.8.498.11988551795896617815207749665102049499,Axial,-1,0.3035714328289,170.000002384184,-4.430314500581575,5.616087886499039,2.490225863482909e-05,False
1.2.826.0.1.3680043.8.498.12026457191304650188547548517205757122,Sagittal,1,0.25,160.0,19.1279983675189,5.333181933875736,0.14321072171463178,False
1.2.826.0.1.3680043.8.498.12026457191304650188547548517205757122,Sagittal,0,0.41666665673256,159.99999618530302,-2.597010170746948,-12.685916921576661,0.08737780826616359,False
1.2.826.0.1.3680043.8.498.12026457191304650188547548517205757122,Coronal,1,0.25,160.0,2.5809660584709206,-18.465414344305394,0.2069486801977074,False
1.2.826.0.1.3680043.8.498.12026457191304650188547548517205757122,Coronal,0,0.41666665673256,159.99999618530302,1.5138951699461318,-0.24425391333720545,0.0660784135358865,False
1.2.826.0.1.3680043.8.498.12026457191304650188547548517205757122,Axial,-1,0.234375,150.0,14.672177140883985,8.373970482913847,0.0,False
1.2.826.0.1.3680043.8.498.12064822036518837577612019712902340953,Sagittal,1,0.3125,170.0,0.8333873250667878,-2.9858695327140072,0.04573182887444682,False
1.2.826.0.1.3680043.8.498.12064822036518837577612019712902340953,Sagittal,0,0.25,170.0,-0.613195242227988,-14.948618420062502,0.0895769475812318,False
1.2.826.0.1.3680043.8.498.12064822036518837577612019712902340953,Coronal,1,0.3125,160.0,-5.1936937257356774,-4.28045409853687,0.03489004388128025,False
1.2.826.0.1.3680043.8.498.12064822036518837577612019712902340953,Coronal,0,0.4762,160.0032,-5.455898313280103,-11.347648408860904,0.04147456801229432,False
1.2.826.0.1.3680043.8.498.12064822036518837577612019712902340953,Axial,-1,0.332,159.36,-9.69038537722732,-4.3889066290188,6.417249566836869e-05,False
1.2.826.0.1.3680043.8.498.12107680313133383587522762626929218051,Sagittal,1,0.3125,160.0,11.853389759238784,-1.9783957662549856,0.009491085587966741,False
1.2.826.0.1.3680043.8.498.12107680313133383587522762626929218051,Sagittal,0,0.3125,160.0,-12.639600977198695,-3.804385179153096,0.005628664495114011,False
1.2.826.0.1.3680043.8.498.12107680313133383587522762626929218051,Coronal,1,0.3125,160.0,-5.130629780648865,-7.5829708754648895,0.009453772654056003,False
1.2.826.0.1.3680043.8.498.12107680313133383587522762626929218051,Coronal,0,0.3125,160.0,-7.185836322898584,-2.9996616790930464,0.0,False
1.2.826.0.1.3680043.8.498.12107680313133383587522762626929218051,Axial,-1,0.3125,160.0,-2.039221547706651,18.10040030199902,0.018671817512877165,False
1.2.826.0.1.3680043.8.498.12150502202634860887314001818431257267,Sagittal,1,0.3516,180.0192,-1.3333464699912085,-14.02880669328101,0.1712971107652751,False
1.2.826.0.1.3680043.8.498.12150502202634860887314001818431257267,Sagittal,0,0.3906,199.9872,-9.351325445616375,-22.376618783071926,0.20548889972293893,False
1.2.826.0.1.3680043.8.498.12150502202634860887314001818431257267,Coronal,1,0.3516,180.0192,-4.167549451387523,-3.508176190710488,0.2067936921865774,False
1.2.826.0.1.3680043.8.498.12150502202634860887314001818431257267,Coronal,0,0.3516,180.0192,-5.496912704393041,-1.6919541217692697,0.051842363047245876,False
1.2.826.0.1.3680043.8.498.12150502202634860887314001818431257267,Axial,-1,0.3516,180.0192,6.967532597161334,4.215547352307345,0.024373931782715297,False
1.2.826.0.1.3680043.8.498.12171790864123519428649395041090102217,Sagittal,1,0.22499999403953,179.999995231624,8.879948357245482,-32.55431231734252,0.1705527711193433,False
1.2.826.0.1.3680043.8.498.12171790864123519428649395041090102217,Sagittal,0,0.41666665673255,179.9999957084616,-1.9610061931780045,-32.52206142620981,0.17306652244456466,False
1.2.826.0.1.3680043.8.498.12171790864123519428649395041090102217,Coronal,1,0.25,160.0,-14.85461866031605,-38.99187168257684,0.16203152434963375,False
1.2.826.0.1.3680043.8.498.12171790864123519428649395041090102217,Coronal,0,0.25,160.0,-6.5762450132978785,-14.595508643617023,0.04712765957446807,False
1.2.826.0.1.3680043.8.498.12171790864123519428649395041090102217,Axial,-1,0.25,160.0,-2.048656228090678,-17.76095271480876,0.0,False
1.2.826.0.1.3680043.8.498.12195090472992304712555822541659656360,Sagittal,1,0.3125,160.0,9.590827476826735,-4.707611123678106,0.14669456540179837,False
1.2.826.0.1.3680043.8.498.12195090472992304712555822541659656360,Sagittal,0,0.1563,160.0512,0.7111455021707519,-7.817924529206213,0.11944424319097591,False
1.2.826.0.1.3680043.8.498.12195090472992304712555822541659656360,Coronal,1,0.3125,160.0,2.684295159898511,-5.447756258796215,0.12515537840419955,False
1.2.826.0.1.3680043.8.498.12195090472992304712555822541659656360,Coronal,0,0.1563,160.0512,0.4361635282280319,-6.482881091403314,0.06511474362013536,False
1.2.826.0.1.3680043.8.498.12195090472992304712555822541659656360,Axial,-1,0.3125,160.0,1.8831681254881794,2.965925378662817,0.0,False
1.2.826.0.1.3680043.8.498.12232127448545053821926845887026738988,Sagittal,1,0.366379,169.999856,5.071389367262612,-6.2148140769389295,0.13294341177547842,False
1.2.826.0.1.3680043.8.498.12232127448545053821926845887026738988,Sagittal,0,0.342742,170.000032,5.160462955593328,-24.607908952220335,0.08926741304827268,False
1.2.826.0.1.3680043.8.498.12232127448545053821926845887026738988,Coronal,1,0.320565,157.07685,7.22853795672225,-21.8359778204446,0.1057506602025935,False
1.2.826.0.1.3680043.8.498.12232127448545053821926845887026738988,Coronal,0,0.320565,157.07685,7.22853795672225,-21.8359778204446,0.1057506602025935,False
1.2.826.0.1.3680043.8.498.12232127448545053821926845887026738988,Axial,-1,0.357143,165.000066,-4.706851342051772,8.330108597887024,0.0,False
1.2.826.0.1.3680043.8.498.12257484608743859456600273083454447341,Sagittal,1,0.22499999403953,179.999995231624,23.343299082261275,-13.564013716996207,0.30404076610832853,False
1.2.826.0.1.3680043.8.498.12257484608743859456600273083454447341,Sagittal,0,0.41666665673255,179.9999957084616,7.260524203128353,-24.040525320479354,0.23389477791506796,False
1.2.826.0.1.3680043.8.498.12257484608743859456600273083454447341,Coronal,1,0.265625,170.0,3.9041666038134357,-15.128286972787066,0.1458798447273678,False
1.2.826.0.1.3680043.8.498.12257484608743859456600273083454447341,Coronal,0,0.22135417163372,170.00000381469698,4.052152224437305,-15.302887747350697,0.12587859424920123,False
1.2.826.0.1.3680043.8.498.12257484608743859456600273083454447341,Axial,-1,0.25,160.0,3.149434872501729,9.690500804043182,0.04850907420170003,False
1.2.826.0.1.3680043.8.498.12273490180961458167930039242826008249,Sagittal,1,0.3516,180.0192,11.461934215684451,-1.1504498497265196,0.1859408737640551,False
1.2.826.0.1.3680043.8.498.12273490180961458167930039242826008249,Sagittal,0,0.3516,180.0192,3.8451353993783686,-6.177736877998733,0.10050594968667326,False
1.2.826.0.1.3680043.8.498.12273490180961458167930039242826008249,Coronal,1,0.3125,160.0,12.202400295111957,-3.3691333247793676,0.11974628181240032,False
1.2.826.0.1.3680043.8.498.12273490180961458167930039242826008249,Coronal,0,0.3125,160.0,14.30043164513883,2.9145445515560198,0.05601196694842814,False
1.2.826.0.1.3680043.8.498.12273490180961458167930039242826008249,Axial,-1,0.3516,180.0192,5.858201127770021,0.6708897841954071,0.0,False
1.2.826.0.1.3680043.8.498.12296624595750602443033689366743784387,Sagittal,1,0.3125,140.0,17.606164716446653,-16.784775323545205,0.0,True
1.2.826.0.1.3680043.8.498.12296624595750602443033689366743784387,Sagittal,0,0.625,160.0,11.628649436540055,-29.43523473871992,0.10464256189357346,False
1.2.826.0.1.3680043.8.498.12296624595750602443033689366743784387,Coronal,1,0.364583,139.99987199999998,4.196643553513718,-19.80830637441833,0.0,True
1.2.826.0.1.3680043.8.498.12296624595750602443033689366743784387,Coronal,0,0.3125,140.0,3.028489444558309,-18.319878561180573,0.0,True
1.2.826.0.1.3680043.8.498.12296624595750602443033689366743784387,Axial,-1,0.364583,139.99987199999998,-5.846155669290525,10.584589745196476,0.0,True
1.2.826.0.1.3680043.8.498.12328313245396930020974053819810033945,Sagittal,1,0.26988637447357,190.00000762939328,9.408228285988494,-3.0124795629366536,0.30007528533140604,False
1.2.826.0.1.3680043.8.498.12328313245396930020974053819810033945,Sagittal,0,0.26845636963844,188.99328422546176,-0.4622829889360325,-7.959906824304978,0.17913868976180436,False
1.2.826.0.1.3680043.8.498.12328313245396930020974053819810033945,Coronal,1,0.3125,180.0,-5.524640199762434,0.47067249867398075,0.10589500892730408,False
1.2.826.0.1.3680043.8.498.12328313245396930020974053819810033945,Axial,-1,0.3125,160.0,-8.44218703035768,-9.977433686504362,0.01167718665464379,False
1.2.826.0.1.3680043.8.498.12352132666379687393012255589355771387,Sagittal,1,0.1674,149.9904,-0.4971319796297098,-6.869239602088818,0.03499201588192136,False
1.2.826.0.1.3680043.8.498.12352132666379687393012255589355771387,Sagittal,0,0.1875,150.0,-0.9062647977050524,-8.482984359858165,0.04467943353008541,False
1.2.826.0.1.3680043.8.498.12352132666379687393012255589355771387,Coronal,1,0.2557,180.0128,-9.118907561108466,-14.423372462041266,0.13338326411111867,False
1.2.826.0.1.3680043.8.498.12352132666379687393012255589355771387,Axial,-1,0.25,320.0,-3.9702964728020333,-3.097386560036,0.004366812227074246,False
1.2.826.0.1.3680043.8.498.12381325071746339154385415220972069782,Sagittal,1,0.35416665673255,169.99999523162398,11.635898568353818,-5.455233949917631,0.15813346539946072,False
1.2.826.0.1.3680043.8.498.12381325071746339154385415220972069782,Sagittal,0,0.41666665673255,179.9999957084616,24.290494899777308,7.502659286774471,0.2865349208297533,False
1.2.826.0.1.3680043.8.498.12381325071746339154385415220972069782,Coronal,1,0.33203125,170.0,-1.8722514967484383,-0.3559843786903333,0.1619063907416909,False
1.2.826.0.1.3680043.8.498.12381325071746339154385415220972069782,Coronal,0,0.3035714328289,170.000002384184,-0.07044641323931222,-1.7485539082092716,0.10452697821375412,False
1.2.826.0.1.3680043.8.498.12381325071746339154385415220972069782,Axial,-1,0.30696535110473,162.07770538329743,0.7871884742198361,9.242819116992816,0.0,False
1.2.826.0.1.3680043.8.498.12408314059030096510457440879771212020,Sagittal,1,0.3125,165.0,-2.681165282837439,-2.259781191634147,0.09590029032675629,False
1.2.826.0.1.3680043.8.498.12408314059030096510457440879771212020,Sagittal,0,0.3125,165.0,-17.79059248654108,-2.079031914059044,0.11102503505692463,False
1.2.826.0.1.3680043.8.498.12408314059030096510457440879771212020,Coronal,1,0.3125,165.0,-0.1818444290809751,-8.758791717078074,0.06966987728422602,False
1.2.826.0.1.3680043.8.498.12408314059030096510457440879771212020,Coronal,0,0.3125,165.0,-0.19704397379440408,-3.591310708742421,0.049433294831071284,False
1.2.826.0.1.3680043.8.498.12408314059030096510457440879771212020,Axial,-1,0.2857142984867,160.000007152552,-0.8456974171956912,9.936772866155637,0.0,False
1.2.826.0.1.3680043.8.498.12438369033802887819851319347622787876,Sagittal,1,0.32142856717109,179.99999761581037,4.265521286619964,-3.4276730450956228,0.23801129201300175,False
1.2.826.0.1.3680043.8.498.12438369033802887819851319347622787876,Sagittal,0,0.24444444477558,176.0000002384176,3.5531447594762837,-9.210095555599207,0.22063096299899998,False
1.2.826.0.1.3680043.8.498.12438369033802887819851319347622787876,Coronal,1,0.28749999403953,183.9999961852992,-3.446979874118282,-1.2675602301140452,0.2413848159876527,False
1.2.826.0.1.3680043.8.498.12438369033802887819851319347622787876,Coronal,0,0.28749999403953,183.9999961852992,-2.4563393403131553,-8.50335756644132,0.19463251938062143,False
1.2.826.0.1.3680043.8.498.12438369033802887819851319347622787876,Axial,-1,0.26406249403953,168.9999961852992,-1.8332092306767576,0.8298887503064748,0.0043953977599924254,False
1.2.826.0.1.3680043.8.498.12484700311993345120015691857089576898,Sagittal,1,0.625,160.0,11.687402318312063,-5.0686865069028375,0.1912477207606147,False
1.2.826.0.1.3680043.8.498.12484700311993345120015691857089576898,Sagittal,0,0.3125,160.0,-0.29243075362263227,-3.9048612041627617,0.15547813658493015,False
1.2.826.0.1.3680043.8.498.12484700311993345120015691857089576898,Coronal,1,0.625,160.0,-11.896099248479066,2.6158967553381807,0.24108314445902423,False
1.2.826.0.1.3680043.8.498.12484700311993345120015691857089576898,Coronal,0,0.3125,160.0,-5.629161091458688,0.9091426187857898,0.15864288152028472,False
1.2.826.0.1.3680043.8.498.12484700311993345120015691857089576898,Axial,-1,0.6641,170.0096,-5.694475476053091,0.5215924939411503,0.14132717830351993,False
1.2.826.0.1.3680043.8.498.12505035424093604269515328931488770819,Sagittal,1,0.46875,180.0,12.421418487732371,2.899469591477577,0.2324186714051394,False
1.2.826.0.1.3680043.8.498.12505035424093604269515328931488770819,Sagittal,0,0.24266168475151,186.3641738891597,-3.3445838307632383,-9.586255936763894,0.19677158293051034,False
1.2.826.0.1.3680043.8.498.12505035424093604269515328931488770819,Coronal,1,0.47619047760963,160.00000047683568,-8.836446456254832,-9.79465435137687,0.16276585413227151,False
1.2.826.0.1.3680043.8.498.12505035424093604269515328931488770819,Coronal,0,0.3030303120613,160.00000476836638,-0.4235169517169853,0.015682083573540118,0.09729101064923973,False
1.2.826.0.1.3680043.8.498.12505035424093604269515328931488770819,Axial,-1,0.29166665673255,167.9999942779488,-2.781133969887083,-4.647641294685513,0.004440581243740693,False
1.2.826.0.1.3680043.8.498.12525752631743097782762806859112218620,Sagittal,1,0.25,160.0,11.557577834777987,-3.9226207323545026,0.10415708473376972,False
1.2.826.0.1.3680043.8.498.12525752631743097782762806859112218620,Sagittal,0,0.2381,160.0032,-3.432230934424956,-12.44300501869417,0.044646087702993165,False
1.2.826.0.1.3680043.8.498.12525752631743097782762806859112218620,Coronal,1,0.3125,160.0,7.196229247007562,-1.651384941403311,0.16932939349927378,False
1.2.826.0.1.3680043.8.498.12525752631743097782762806859112218620,Axial,-1,0.293,150.016,-3.877876540917869,2.5417847913263016,0.0,False
1.2.826.0.1.3680043.8.498.12554824497579383319980187351290254727,Sagittal,1,0.332,169.984,13.114228550140103,4.147733320375131,0.043280366716879626,False
1.2.826.0.1.3680043.8.498.12554824497579383319980187351290254727,Sagittal,0,0.332,169.984,10.07400822159147,2.0278905745326417,0.06571155916609572,False
1.2.826.0.1.3680043.8.498.12554824497579383319980187351290254727,Coronal,1,0.6641,170.0096,13.415598684300228,9.424977462676392,0.18167564251141866,False
1.2.826.0.1.3680043.8.498.12554824497579383319980187351290254727,Coronal,0,0.332,169.984,16.188342445998536,2.732774581711615,0.12167966629967897,False
1.2.826.0.1.3680043.8.498.12554824497579383319980187351290254727,Axial,-1,0.332,169.984,15.055365081294628,4.976685549308615,0.06117611305272752,False
1.2.826.0.1.3680043.8.498.12580232188757225504172709417466515184,Sagittal,1,0.33854166666667,130.00000000000128,21.596628843933708,-5.905426271115306,0.0,True
1.2.826.0.1.3680043.8.498.12580232188757225504172709417466515184,Sagittal,0,0.3515625,180.0,34.543765274900466,2.8285397642653254,0.2575157283740823,False
1.2.826.0.1.3680043.8.498.12580232188757225504172709417466515184,Coronal,1,0.33854166666667,130.00000000000128,1.4433464536350136,-17.825501320406623,0.0,True
1.2.826.0.1.3680043.8.498.12580232188757225504172709417466515184,Coronal,0,0.25,160.0,2.827462698621005,-0.8021775121645902,0.13247996123483208,False
1.2.826.0.1.3680043.8.498.12580232188757225504172709417466515184,Axial,-1,0.33854166666667,130.00000000000128,1.4323134941700382,18.265151488694112,0.0,True
1.2.826.0.1.3680043.8.498.12620718517255799151283445360332799702,Sagittal,1,0.35416665673255,169.99999523162398,4.160450030008911,-5.4297903254590665,0.17376645400952917,False
1.2.826.0.1.3680043.8.498.12620718517255799151283445360332799702,Sagittal,0,0.3035714328289,170.000002384184,-4.357871178701992,-16.678032848161088,0.17308284570372656,False
1.2.826.0.1.3680043.8.498.12620718517255799151283445360332799702,Coronal,1,0.375,150.0,-4.072659506252009,0.5210854841295323,0.02484770759858934,False
1.2.826.0.1.3680043.8.498.12620718517255799151283445360332799702,Coronal,0,0.3035714328289,170.000002384184,7.081839187729778,-1.1189016376035212,0.09766915083084049,False
1.2.826.0.1.3680043.8.498.12620718517255799151283445360332799702,Axial,-1,0.30696535110473,162.07770538329743,0.9981112120809303,0.6246819078299979,0.0,False
1.2.826.0.1.3680043.8.498.12644400073937544865441360809610886635,Sagittal,1,0.4375,140.0,11.072466157170544,-0.3720188916076079,0.0,True
1.2.826.0.1.3680043.8.498.12644400073937544865441360809610886635,Sagittal,0,0.2734375,140.0,-3.048047746930802,-6.577063424246655,0.0,True
1.2.826.0.1.3680043.8.498.12644400073937544865441360809610886635,Coronal,1,0.4375,140.0,-1.5131128138042698,-5.717090458169817,0.0,True
1.2.826.0.1.3680043.8.498.12644400073937544865441360809610886635,Coronal,0,0.36458333333333,139.99999999999872,-1.3076392975229643,-0.339237804023756,0.0,True
1.2.826.0.1.3680043.8.498.12644400073937544865441360809610886635,Axial,-1,0.4375,140.0,3.551770153381133,8.662117351040221,0.0,True
1.2.826.0.1.3680043.8.498.12688954493547892047021455671738310186,Sagittal,1,0.1367,139.9808,6.355058960673962,-0.607178550051006,0.0,True
1.2.826.0.1.3680043.8.498.12688954493547892047021455671738310186,Sagittal,0,0.3906,199.9872,10.425222664275232,-9.08608938529268,0.20375330957427806,False
1.2.826.0.1.3680043.8.498.12688954493547892047021455671738310186,Coronal,1,0.1367,139.9808,-0.31914165646995557,-4.350653563475921,0.0,True
1.2.826.0.1.3680043.8.498.12688954493547892047021455671738310186,Coronal,0,0.1367,139.9808,-2.5783813977931613,0.12615412150003558,0.0,True
1.2.826.0.1.3680043.8.498.12688954493547892047021455671738310186,Axial,-1,0.1367,139.9808,-0.9714951261001653,4.615429388710671,0.0,True
1.2.826.0.1.3680043.8.498.12709854414521475738435319009767427434,Sagittal,1,0.5625,180.0,18.116551449805314,2.1447223430118783,0.26732947245666394,False
1.2.826.0.1.3680043.8.498.12709854414521475738435319009767427434,Coronal,1,0.5625,180.0,9.22346483035949,-2.8743641227915937,0.30902258943482463,False
1.2.826.0.1.3680043.8.498.12709854414521475738435319009767427434,Coronal,0,0.703125,180.0,8.755011637098187,-7.4757514711048625,0.14544177059546815,False
1.2.826.0.1.3680043.8.498.12709854414521475738435319009767427434,Axial,-1,0.5625,180.0,0.5861413919020446,2.9756537965846803,0.018615973937636476,False
1.2.826.0.1.3680043.8.498.12728397615513347615111391662798012012,Sagittal,1,0.4375,140.0,20.360378912685338,-9.269841433278414,0.0,True
1.2.826.0.1.3680043.8.498.12728397615513347615111391662798012012,Sagittal,0,0.36458334326744,140.00000381469698,6.1271696916659915,-3.9756202052710097,0.0,True
1.2.826.0.1.3680043.8.498.12728397615513347615111391662798012012,Coronal,1,0.4375,140.0,-9.261491748024175,-8.820621222687125,0.0,True
1.2.826.0.1.3680043.8.498.12728397615513347615111391662798012012,Coronal,0,0.36458334326744,140.00000381469698,-6.359059492783111,5.827721589489397,0.0,True
1.2.826.0.1.3680043.8.498.12728397615513347615111391662798012012,Axial,-1,0.4375,140.0,0.8653671294485772,7.937827532264375,0.0,True
1.2.826.0.1.3680043.8.498.12771448321084229688831202344007889535,Sagittal,1,0.3030303120613,160.00000476836638,9.926371303662924,-4.181681162801029,0.10259069612265914,False
1.2.826.0.1.3680043.8.498.12771448321084229688831202344007889535,Sagittal,0,0.3125,160.0,2.7528918324043516,-6.4179776570813285,0.1152563128114179,False
1.2.826.0.1.3680043.8.498.12771448321084229688831202344007889535,Coronal,1,0.5555555820465,160.000007629392,2.325727439419391,1.3177938387394228,0.15400608204555333,False
1.2.826.0.1.3680043.8.498.12771448321084229688831202344007889535,Coronal,0,0.3125,160.0,-0.40126560467887096,-1.6685738511140347,0.09341391045659508,False
1.2.826.0.1.3680043.8.498.12771448321084229688831202344007889535,Axial,-1,0.3030303120613,160.00000476836638,-3.585222807390884,0.8221378371686514,0.0,False
1.2.826.0.1.3680043.8.498.12799849540231315910448269889175806934,Sagittal,1,0.332,169.984,6.656062047818499,5.179720985229564,0.09232017956991401,False
1.2.826.0.1.3680043.8.498.12799849540231315910448269889175806934,Sagittal,0,0.332,169.984,-5.840197021902519,-0.3512226722279338,0.07994317838360632,False
1.2.826.0.1.3680043.8.498.12799849540231315910448269889175806934,Coronal,1,0.6641,170.0096,-9.332841836548413,-3.178126465039857,0.2731089880119272,False
1.2.826.0.1.3680043.8.498.12799849540231315910448269889175806934,Coronal,0,0.332,169.984,-13.286361368255498,0.33378108773869486,0.13468540608863644,False
1.2.826.0.1.3680043.8.498.12799849540231315910448269889175806934,Axial,-1,0.332,169.984,2.4344438977111844,1.8186362484157137,0.00695221054201145,False
1.2.826.0.1.3680043.8.498.12820051821104182459960036809430047569,Sagittal,1,0.2214,170.0352,4.472563695029965,-3.464883853539493,0.1059112332369746,False
1.2.826.0.1.3680043.8.498.12820051821104182459960036809430047569,Sagittal,0,0.2214,170.0352,-10.79167850599089,-20.71660074785926,0.08998349367791836,False
1.2.826.0.1.3680043.8.498.12820051821104182459960036809430047569,Coronal,1,0.25,135.0,-1.6958937990714418,-28.263396655241984,0.1644668076521063,True
1.2.826.0.1.3680043.8.498.12820051821104182459960036809430047569,Coronal,0,0.25,135.0,-2.2213632834556734,-17.43167172501412,0.061017786561264775,True
1.2.826.0.1.3680043.8.498.12820051821104182459960036809430047569,Axial,-1,0.2344,150.016,-2.041741940206685,5.456909543723566,0.0,False
1.2.826.0.1.3680043.8.498.12887544771002132349592859410979448655,Sagittal,1,0.5625,180.0,-6.362566681484777,-13.030312291620362,0.21081227927193702,False
1.2.826.0.1.3680043.8.498.12887544771002132349592859410979448655,Sagittal,0,0.5625,180.0,-10.556001488761828,-27.93436273088983,0.2021554109246133,False
1.2.826.0.1.3680043.8.498.12887544771002132349592859410979448655,Coronal,1,0.5625,180.0,-5.648915936130244,-12.179481058234186,0.24151534126487162,False
1.2.826.0.1.3680043.8.498.12887544771002132349592859410979448655,Coronal,0,0.5625,180.0,-5.216752500496785,-7.390688133403991,0.09170696164800951,False
1.2.826.0.1.3680043.8.498.12887544771002132349592859410979448655,Axial,-1,0.5625,180.0,-1.8550153324725578,6.227154615881213,0.0,False
1.2.826.0.1.3680043.8.498.12938500386086171684983091332136233036,Sagittal,1,0.2813,180.03199999999998,9.029279767424962,-14.957465177912031,0.13877622673947,False
1.2.826.0.1.3680043.8.498.12938500386086171684983091332136233036,Sagittal,0,0.2679,180.02880000000002,6.202618998993244,-30.54880286207393,0.1411355946316244,False
1.2.826.0.1.3680043.8.498.12938500386086171684983091332136233036,Coronal,1,0.3125,160.0,-11.127025433931976,-3.809765977726496,0.04233972107956252,False
1.2.826.0.1.3680043.8.498.12938500386086171684983091332136233036,Axial,-1,0.293,150.016,-20.799332966579563,-5.08373738137808,0.0,False
1.2.826.0.1.3680043.8.498.12965787822216495014894819598440431626,Sagittal,1,0.36458384990692,175.0002479553216,13.814434951211457,-10.753884159599368,0.17975299474332163,False
1.2.826.0.1.3680043.8.498.12965787822216495014894819598440431626,Sagittal,0,0.17089867591857,175.00024414061568,4.7980154135576285,-12.651063577957158,0.15089242695741145,False
1.2.826.0.1.3680043.8.498.12965787822216495014894819598440431626,Coronal,1,0.32291665673255,154.99999523162398,2.9087509252926704,-5.946367609947299,0.0840310710747052,False
1.2.826.0.1.3680043.8.498.12965787822216495014894819598440431626,Coronal,0,0.32291665673255,154.99999523162398,5.212334297485134,-1.6883484029711184,0.07131818323255168,False
1.2.826.0.1.3680043.8.498.12965787822216495014894819598440431626,Axial,-1,0.34378936886787,165.0188970565776,8.223702115942812,2.433214150467235,0.0,False
1.2.826.0.1.3680043.8.498.12987428318535758055829100395092244687,Sagittal,1,0.5,160.0,-2.574200350531271,-14.383201884105603,0.10721327637200129,False
1.2.826.0.1.3680043.8.498.12987428318535758055829100395092244687,Sagittal,0,0.416667,160.00012800000002,-17.270005211867364,4.264462829654146,0.1106448343573827,False
1.2.826.0.1.3680043.8.498.12987428318535758055829100395092244687,Coronal,1,0.416667,160.00012800000002,-19.472407211846186,9.39901516857557,0.20752532561505066,False
1.2.826.0.1.3680043.8.498.12987428318535758055829100395092244687,Axial,-1,0.416667,160.00012800000002,1.1601864445537526,9.696978583705954,0.05218207834018962,False
1.2.826.0.1.3680043.8.498.13024625496981667037628275235696732200,Sagittal,1,0.30534350872039,170.99236488341842,8.102510820683992,-3.4185108115867897,0.1745879496129914,False
1.2.826.0.1.3680043.8.498.13024625496981667037628275235696732200,Sagittal,0,0.30534350872039,170.99236488341842,-1.6523005986409645,-2.190400752882093,0.1281158301942349,False
1.2.826.0.1.3680043.8.498.13024625496981667037628275235696732200,Coronal,1,0.53125,170.0,0.9039690306239976,-17.722196638268482,0.268570112825236,False
1.2.826.0.1.3680043.8.498.13024625496981667037628275235696732200,Coronal,0,0.3035714328289,170.000002384184,-4.346152558900782,5.632439730675446,0.13292912662856782,False
1.2.826.0.1.3680043.8.498.13024625496981667037628275235696732200,Axial,-1,0.3030303120613,160.00000476836638,-1.4418618184718797,-0.9684366903501288,0.0,False
1.2.826.0.1.3680043.8.498.13062438493893996542058869514390908492,Sagittal,1,0.5625,180.0,0.8563028627195877,-7.263955757970066,0.19621195691462445,False
1.2.826.0.1.3680043.8.498.13062438493893996542058869514390908492,Sagittal,0,0.5625,180.0,-3.021823019030734,-16.678363633095255,0.1571592924596137,False
1.2.826.0.1.3680043.8.498.13062438493893996542058869514390908492,Coronal,1,0.5625,180.0,-9.339572008905344,-5.070119593188002,0.2263198982247152,False
1.2.826.0.1.3680043.8.498.13062438493893996542058869514390908492,Coronal,0,0.5625,180.0,-4.383322102425868,-8.810141509433965,0.1458121193970251,False
1.2.826.0.1.3680043.8.498.13062438493893996542058869514390908492,Axial,-1,0.5625,180.0,2.296440721727766,4.852337793505667,0.05139576562072845,False
1.2.826.0.1.3680043.8.498.13079170182386765602129976624023222742,Sagittal,1,0.4883,250.0096,-4.901864975986677,-3.1847238050933044,0.30253247558792773,False
1.2.826.0.1.3680043.8.498.13079170182386765602129976624023222742,Sagittal,0,0.3516,180.0192,-5.79844645320509,-5.075450458773655,0.18881699677276464,False
1.2.826.0.1.3680043.8.498.13079170182386765602129976624023222742,Coronal,1,0.4883,250.0096,1.1243297847385028,-2.884472776912612,0.2548345128033275,False
1.2.826.0.1.3680043.8.498.13079170182386765602129976624023222742,Coronal,0,0.3516,180.0192,1.5144718883888144,-2.2859747726762274,0.10106236949161007,False
1.2.826.0.1.3680043.8.498.13079170182386765602129976624023222742,Axial,-1,0.3516,180.0192,4.215777500311696,13.139530541652574,0.117913185971537,False
1.2.826.0.1.3680043.8.498.13108275880471592702987713766776683590,Sagittal,1,0.1875,150.0,8.262655309210622,-3.435245715234558,0.06232582988001212,False
1.2.826.0.1.3680043.8.498.13108275880471592702987713766776683590,Coronal,1,0.390625,150.0,-11.589393190801289,-16.520805728979514,0.08029105282069704,False
1.2.826.0.1.3680043.8.498.13108275880471592702987713766776683590,Coronal,0,0.167411,150.000256,-8.984177777763406,-4.2668987898443245,0.038116734175979716,False
1.2.826.0.1.3680043.8.498.13108275880471592702987713766776683590,Axial,-1,0.364583,139.99987199999998,-5.375083859116484,11.38179480949765,0.0,True
1.2.826.0.1.3680043.8.498.13128506994126383651503283021834372142,Sagittal,1,0.3906,199.9872,1.4598022291693176,-24.59100542632027,0.3067149541781863,False
1.2.826.0.1.3680043.8.498.13128506994126383651503283021834372142,Sagittal,0,0.3906,199.9872,-10.031714227980506,-29.93173108284798,0.3379591108997979,False
1.2.826.0.1.3680043.8.498.13128506994126383651503283021834372142,Coronal,1,0.3906,199.9872,-0.030462218065555345,-21.957329329882338,0.2121423030355758,False
1.2.826.0.1.3680043.8.498.13128506994126383651503283021834372142,Coronal,0,0.3906,199.9872,1.5971677444842847,-25.915560991916365,0.1620271885573047,False
1.2.826.0.1.3680043.8.498.13128506994126383651503283021834372142,Axial,-1,0.3906,199.9872,10.233342368567564,2.295132697049235,0.09661797325839316,False
1.2.826.0.1.3680043.8.498.13143446880514535170343243531129864116,Sagittal,1,0.6641,170.0096,22.6911406401877,3.3722523881347386,0.12423886933690853,False
1.2.826.0.1.3680043.8.498.13143446880514535170343243531129864116,Sagittal,0,0.332,169.984,7.374741923974194,-15.607262138054073,0.15620968848634553,False
1.2.826.0.1.3680043.8.498.13143446880514535170343243531129864116,Coronal,1,0.6641,170.0096,-5.117552578386609,-19.400655531202432,0.13382039573820392,False
1.2.826.0.1.3680043.8.498.13143446880514535170343243531129864116,Coronal,0,0.332,169.984,-7.319471289806961,-17.70280224599369,0.06774867822451736,False
1.2.826.0.1.3680043.8.498.13143446880514535170343243531129864116,Axial,-1,0.332,169.984,6.685768788605051,11.821330917168417,0.03879503517078775,False
1.2.826.0.1.3680043.8.498.13158644154518335426512578922874968296,Sagittal,1,0.332,169.984,29.971403957478156,2.2817312388169704,0.22255552047152927,False
1.2.826.0.1.3680043.8.498.13158644154518335426512578922874968296,Sagittal,0,0.332,169.984,-4.977342955023082,-9.11495774837106,0.13274285330441704,False
1.2.826.0.1.3680043.8.498.13158644154518335426512578922874968296,Coronal,1,0.332,169.984,-0.6525854294149679,-3.7684236916327203,0.09464942519256458,False
1.2.826.0.1.3680043.8.498.13158644154518335426512578922874968296,Axial,-1,0.332,169.984,-0.7116589023706164,-3.337049390369915,0.0,False
1.2.826.0.1.3680043.8.498.13179169600887013946657470830682778717,Sagittal,1,0.416667,160.00012800000002,8.654602183691827,-3.9463836531427883,0.11382658185470373,False
1.2.826.0.1.3680043.8.498.13179169600887013946657470830682778717,Sagittal,0,0.416667,160.00012800000002,5.694696509492935,-23.308385907839725,0.08150899943796353,False
1.2.826.0.1.3680043.8.498.13179169600887013946657470830682778717,Coronal,1,0.416667,145.000116,-9.83745386705788,-22.4454345702284,0.16013002912990248,False
1.2.826.0.1.3680043.8.498.13179169600887013946657470830682778717,Coronal,0,0.416667,160.00012800000002,-9.475713027976457,-13.202483130906032,0.1424820539352002,False
1.2.826.0.1.3680043.8.498.13179169600887013946657470830682778717,Axial,-1,0.5125,153.75,-12.598143062813266,13.021566332515732,0.054878959155380214,False
1.2.826.0.1.3680043.8.498.13222515831888962408632292783773537312,Sagittal,1,0.33333334326744,160.0000047683712,16.806155420002806,-2.5512200952789748,0.12318556296586902,False
1.2.826.0.1.3680043.8.498.13222515831888962408632292783773537312,Sagittal,0,0.3125,160.0,-0.9787333142679344,-10.7306184760575,0.11661297512806068,False
1.2.826.0.1.3680043.8.498.13222515831888962408632292783773537312,Coronal,1,0.31164997816085,164.55118846892879,6.728398201902709,-16.65512908887546,0.12993087648171964,False
1.2.826.0.1.3680043.8.498.13222515831888962408632292783773537312,Coronal,0,0.3125,165.0,6.9889773135595945,-11.6472842419887,0.08743344330839842,False
1.2.826.0.1.3680043.8.498.13222515831888962408632292783773537312,Axial,-1,0.3125,160.0,4.8853407218078715,0.7389143784276975,0.008827062208441538,False
1.2.826.0.1.3680043.8.498.13261595972961358158990410740461308054,Sagittal,1,0.53385416666667,177.23958333333442,11.056386001028754,0.10141402239673106,0.28312148618919575,False
1.2.826.0.1.3680043.8.498.13261595972961358158990410740461308054,Sagittal,0,0.3515625,168.75,25.91488666800882,-8.151763919221143,0.21536360771681662,False
1.2.826.0.1.3680043.8.498.13261595972961358158990410740461308054,Coronal,1,0.40364583333333,154.99999999999872,8.098206101242296,-20.678524695366264,0.09378704413918137,False
1.2.826.0.1.3680043.8.498.13261595972961358158990410740461308054,Coronal,0,0.28125,180.0,-8.989691822915907,5.741286437953653,0.13477921460815256,False
1.2.826.0.1.3680043.8.498.13261595972961358158990410740461308054,Axial,-1,0.40364583333333,154.99999999999872,12.964395393964912,26.078111003305555,0.09570840040378692,False
1.2.826.0.1.3680043.8.498.13284123714012951608998434802430211634,Sagittal,1,0.5625,180.0,12.030874387070503,-5.177766148590049,0.25784638260961923,False
1.2.826.0.1.3680043.8.498.13284123714012951608998434802430211634,Sagittal,0,0.5625,180.0,2.7302753075546207,-8.110982470096882,0.1334488734835355,False
1.2.826.0.1.3680043.8.498.13284123714012951608998434802430211634,Coronal,1,0.5625,180.0,-12.299099896036624,-3.990736772028379,0.2695387309172488,False
1.2.826.0.1.3680043.8.498.13284123714012951608998434802430211634,Coronal,0,0.5625,180.0,-11.156609432839769,-5.1952422659968285,0.1397188436453376,False
1.2.826.0.1.3680043.8.498.13284123714012951608998434802430211634,Axial,-1,0.5625,180.0,-4.052034232284981,5.6180888262112685,0.0,False
1.2.826.0.1.3680043.8.498.13319886927127591971322856062062654146,Sagittal,1,0.28145694732666,180.1324462890624,9.491051944253757,-1.5293462455163171,0.22270223794606514,False
1.2.826.0.1.3680043.8.498.13319886927127591971322856062062654146,Sagittal,0,0.2857142984867,160.000007152552,2.901227521090654,-5.361789198126016,0.14516437880728128,False
1.2.826.0.1.3680043.8.498.13319886927127591971322856062062654146,Coronal,1,0.3125,160.0,0.22832129553274072,5.720659638297274,0.09315551511360087,False
1.2.826.0.1.3680043.8.498.13319886927127591971322856062062654146,Axial,-1,0.3125,160.0,-17.48234869889359,-15.823675447552112,0.014839261123510084,False
1.2.826.0.1.3680043.8.498.13353966209257569249620562863006006441,Sagittal,1,0.3711,190.0032,22.02640479753091,28.384767956556566,0.30439708553903855,False
1.2.826.0.1.3680043.8.498.13353966209257569249620562863006006441,Sagittal,0,0.3711,190.0032,-0.10828173796145933,-22.248594760608047,0.1981317431319155,False
1.2.826.0.1.3680043.8.498.13353966209257569249620562863006006441,Coronal,1,0.3906,199.9872,-4.00824149346216,0.8430790148611063,0.13083022632988495,False
1.2.826.0.1.3680043.8.498.13353966209257569249620562863006006441,Axial,-1,0.332,169.984,4.172974720672288,0.12049669172317022,0.0,False
1.2.826.0.1.3680043.8.498.13377426362348493372112241208607685717,Sagittal,1,0.25,160.0,23.59186910252545,-2.346749052234543,0.1129364371716498,False
1.2.826.0.1.3680043.8.498.13377426362348493372112241208607685717,Sagittal,0,0.25,160.0,2.9070955165692,-8.47246393762184,0.11537361923326839,False
1.2.826.0.1.3680043.8.498.13377426362348493372112241208607685717,Coronal,1,0.25,160.0,6.781908328365475,-14.947533144694745,0.06879990596058738,False
1.2.826.0.1.3680043.8.498.13377426362348493372112241208607685717,Coronal,0,0.25,160.0,2.2671569218525747,-9.218370552132441,0.07353526340539951,False
1.2.826.0.1.3680043.8.498.13377426362348493372112241208607685717,Axial,-1,0.25,160.0,7.411524500907447,6.929886977981354,0.0,False
1.2.826.0.1.3680043.8.498.13455212888114594010716499984611216646,Sagittal,1,0.31124749779701,159.35871887206912,16.139334049050724,-10.702714763436964,0.11186841490875954,False
1.2.826.0.1.3680043.8.498.13455212888114594010716499984611216646,Sagittal,0,0.31124749779701,159.35871887206912,-2.1988936411084654,-15.587066119962529,0.08372619448497776,False
1.2.826.0.1.3680043.8.498.13455212888114594010716499984611216646,Coronal,1,0.3125,160.0,-0.30618340777312625,-10.502264724281272,0.08419544482262253,False
1.2.826.0.1.3680043.8.498.13455212888114594010716499984611216646,Axial,-1,0.3571428656578,160.0000038146944,1.8556615494690423,6.765838364862032,0.0010098077578480913,False
1.2.826.0.1.3680043.8.498.13695989890112408005495264068064110179,Sagittal,1,0.25,160.0,7.448230086697919,-3.1065289548309494,0.08446750249855772,False
1.2.826.0.1.3680043.8.498.13695989890112408005495264068064110179,Sagittal,0,0.25,160.0,2.062907350319918,-9.771344750429364,0.058154591308776316,False
1.2.826.0.1.3680043.8.498.13695989890112408005495264068064110179,Coronal,1,0.2344,150.016,0.08228896917388288,-3.446447021243109,0.018102518227297026,False
1.2.826.0.1.3680043.8.498.13695989890112408005495264068064110179,Coronal,0,0.2344,150.016,1.4296719827931061,-7.952354793314915,0.011380269493065032,False
1.2.826.0.1.3680043.8.498.13695989890112408005495264068064110179,Axial,-1,0.2344,150.016,3.600088675503097,1.7770438660990762,0.0,False
1.2.826.0.1.3680043.8.498.14032903253348079919799627243690484791,Sagittal,1,0.416667,160.00012800000002,12.84783413872827,-5.01143793415671,0.1273044144017086,False
1.2.826.0.1.3680043.8.498.14032903253348079919799627243690484791,Sagittal,0,0.416667,160.00012800000002,6.100300215968501,-8.079334093760606,0.08496842962862383,False
1.2.826.0.1.3680043.8.498.14032903253348079919799627243690484791,Coronal,1,0.416667,160.00012800000002,4.652667567333713,-1.627807526882286,0.034244213386279365,False
1.2.826.0.1.3680043.8.498.14032903253348079919799627243690484791,Coronal,0,0.384615,159.99984,11.893142507552867,-16.376020030211485,0.06851132530890836,False
1.2.826.0.1.3680043.8.498.14032903253348079919799627243690484791,Axial,-1,0.5125,153.75,-2.508316034150045,11.662709052102215,0.003888661481784683,False
1.2.826.0.1.3680043.8.498.14347036698014475959973071477777915575,Sagittal,1,0.1465,150.016,30.492229413447127,-0.44340549399514817,0.06948696092951345,False
1.2.826.0.1.3680043.8.498.14347036698014475959973071477777915575,Sagittal,0,0.7031,179.9936,6.527197313184389,-4.197020735037849,0.19533383619007982,False
1.2.826.0.1.3680043.8.498.14347036698014475959973071477777915575,Coronal,1,0.1465,150.016,-1.5696353312210845,-3.708532436114241,0.04688249167411784,False
1.2.826.0.1.3680043.8.498.14347036698014475959973071477777915575,Coronal,0,0.1465,150.016,-1.754735893804462,-2.3158892238556086,0.031407106017689146,False
1.2.826.0.1.3680043.8.498.14347036698014475959973071477777915575,Axial,-1,0.1465,150.016,0.12060279056778807,8.438196589883301,0.0,False
1.2.826.0.1.3680043.8.498.14679140388328648617386311272361396555,Sagittal,1,0.3125,160.0,7.188117318656477,-4.8121261898104795,0.11317027509998667,False
1.2.826.0.1.3680043.8.498.14679140388328648617386311272361396555,Sagittal,0,0.1563,160.0512,1.847923161795614,-7.9915987354331,0.05107874955857872,False
1.2.826.0.1.3680043.8.498.14679140388328648617386311272361396555,Coronal,1,0.3125,160.0,1.05549410580279,-1.779295848071314,0.10957291716457151,False
1.2.826.0.1.3680043.8.498.14679140388328648617386311272361396555,Axial,-1,0.3125,160.0,-1.0609947688235444,6.661568725003377,0.0,False
1.2.826.0.1.3680043.8.498.14963472809950919852176661973255059069,Sagittal,1,0.3125,160.0,11.40729793711003,5.329309942002691,0.0019240812512025807,False
1.2.826.0.1.3680043.8.498.14963472809950919852176661973255059069,Sagittal,0,0.3125,160.0,-2.643334463528433,-0.701341937997837,0.0012853860712731535,False
1.2.826.0.1.3680043.8.498.14963472809950919852176661973255059069,Coronal,1,0.3125,160.0,-0.880184442646641,-1.7427478675107633,0.0,False
1.2.826.0.1.3680043.8.498.14963472809950919852176661973255059069,Coronal,0,0.3125,160.0,1.9758966196640948,-6.073892299276729,0.0,False
1.2.826.0.1.3680043.8.498.14963472809950919852176661973255059069,Axial,-1,0.3125,160.0,-1.4170671631696052,10.294200535080869,0.0062225695905729905,False
1.2.826.0.1.3680043.8.498.15337067581747365729183643142512558411,Sagittal,1,0.2214,170.0352,8.337222325464595,-19.213102461074843,0.08657012110050788,False
1.2.826.0.1.3680043.8.498.15337067581747365729183643142512558411,Sagittal,0,0.2214,170.0352,-0.9669767226962613,-34.79917094498417,0.11424748955764874,False
1.2.826.0.1.3680043.8.498.15337067581747365729183643142512558411,Coronal,1,0.25,135.0,1.0765132115004121,-34.551853684088,0.1641950878826679,True
1.2.826.0.1.3680043.8.498.15337067581747365729183643142512558411,Coronal,0,0.25,135.0,0.33189347594269236,-27.492832115968987,0.08400214876165579,True
1.2.826.0.1.3680043.8.498.15337067581747365729183643142512558411,Axial,-1,0.2344,150.016,-2.927776318527269,18.776669224665405,0.0,False
1.2.826.0.1.3680043.8.498.15595595490910196952568459534537629865,Sagittal,1,0.22727273404598,160.00000476836993,31.119811452231986,9.162741647704037,0.17572155499108078,False
1.2.826.0.1.3680043.8.498.15595595490910196952568459534537629865,Sagittal,0,0.40000000596046,160.000002384184,8.557711466651982,-5.790442296816044,0.11426376373769465,False
1.2.826.0.1.3680043.8.498.15595595490910196952568459534537629865,Coronal,1,0.25,160.0,1.574713542724794,-3.5099345820974293,0.11526146844906748,False
1.2.826.0.1.3680043.8.498.15595595490910196952568459534537629865,Coronal,0,0.22727273404598,160.00000476836993,2.6905234097529642,-1.1194238297001666,0.08812888738393543,False
1.2.826.0.1.3680043.8.498.15595595490910196952568459534537629865,Axial,-1,0.25,160.0,5.590747810240828,13.241541909696124,0.0,False
1.2.826.0.1.3680043.8.498.16101435445990180482665354366724730305,Sagittal,1,0.1897,169.9712,-1.7049550818742114,-15.804302095272375,0.10031078348547184,False
1.2.826.0.1.3680043.8.498.16101435445990180482665354366724730305,Sagittal,0,0.2125,170.0,-2.7576880508632002,-14.81883427045717,0.12267031821817209,False
1.2.826.0.1.3680043.8.498.16101435445990180482665354366724730305,Coronal,1,0.2656,169.984,2.1848066582956442,-18.106147349238277,0.20349360505817116,False
1.2.826.0.1.3680043.8.498.16101435445990180482665354366724730305,Axial,-1,0.25,320.0,-6.379983660130705,14.00898401027078,0.0025326797385620825,False
1.2.826.0.1.3680043.8.498.16397020531009156965821242117417547331,Sagittal,1,0.3125,160.0,12.263186048643728,-4.7925107650266785,0.13002614363621312,False
1.2.826.0.1.3680043.8.498.16397020531009156965821242117417547331,Sagittal,0,0.2222222238779,160.000001192088,2.1566001109055564,-9.844111261278995,0.10854612211811265,False
1.2.826.0.1.3680043.8.498.16397020531009156965821242117417547331,Coronal,1,0.3125,160.0,0.1259420641021336,-7.35890135690652,0.10704187694261558,False
1.2.826.0.1.3680043.8.498.16397020531009156965821242117417547331,Axial,-1,0.3125,160.0,1.7937537690336214,7.9563740247625425,0.0,False
1.2.826.0.1.3680043.8.498.16674237773422474998796191258459643061,Sagittal,1,0.3125,160.0,40.50693274456522,-5.762632472826086,0.18756521739130438,False
1.2.826.0.1.3680043.8.498.16674237773422474998796191258459643061,Sagittal,0,0.2222222238779,160.000001192088,3.492815656046888,-13.509101584971209,0.16512921973537775,False
1.2.826.0.1.3680043.8.498.16674237773422474998796191258459643061,Coronal,1,0.3125,160.0,18.960566775115062,-22.67754622282178,0.19883351848912867,False
1.2.826.0.1.3680043.8.498.16674237773422474998796191258459643061,Axial,-1,0.3125,160.0,17.16840416385187,21.49259964380029,0.0508014493643677,False
1.2.826.0.1.3680043.8.498.16864649493021092944977766326505053153,Sagittal,1,0.25,160.0,-3.789039840114498,-4.332673847964799,0.10355719844687494,False
1.2.826.0.1.3680043.8.498.16864649493021092944977766326505053153,Sagittal,0,0.25,160.0,-7.070961517695267,0.12815926024859436,0.06277884183664773,False
1.2.826.0.1.3680043.8.498.16864649493021092944977766326505053153,Coronal,1,0.25,160.0,-4.696430981624658,8.502463220407606,0.24489520467385228,False
1.2.826.0.1.3680043.8.498.16864649493021092944977766326505053153,Coronal,0,0.25,160.0,-10.370965102961463,-0.4653437112871899,0.09072762545871027,False
1.2.826.0.1.3680043.8.498.16864649493021092944977766326505053153,Axial,-1,0.25,160.0,-4.758791691360756,0.8971416738666278,0.0,False
1.2.826.0.1.3680043.8.498.17160610480070701553118850947260201608,Sagittal,1,0.35038328170776,196.2146377563456,21.573208752154994,-13.125518636350916,0.35099692384584724,False
1.2.826.0.1.3680043.8.498.17160610480070701553118850947260201608,Sagittal,0,0.27173495292663,195.6491661071736,7.911284361191262,-7.4440850656842965,0.31162518228614877,False
1.2.826.0.1.3680043.8.498.17160610480070701553118850947260201608,Coronal,1,0.30745044350624,172.17224836349442,-0.6200520950347586,-2.2542424550277436,0.18847334540432115,False
1.2.826.0.1.3680043.8.498.17160610480070701553118850947260201608,Coronal,0,0.29891017079353,172.17225837707326,1.0329872664813096,-0.8199487719579669,0.15519206792139173,False
1.2.826.0.1.3680043.8.498.17160610480070701553118850947260201608,Axial,-1,0.28135973215103,180.0702285766592,0.29740456592182335,9.00664303445576,0.024901994921145643,False
1.2.826.0.1.3680043.8.498.17596657287050550465463272509976106854,Sagittal,1,0.1875,150.0,12.962776226613208,-17.335289590492554,0.09219167621229474,False
1.2.826.0.1.3680043.8.498.17596657287050550465463272509976106854,Sagittal,0,0.1674,149.9904,12.353126016781765,-18.138552738781424,0.09403494768960308,False
1.2.826.0.1.3680043.8.498.17596657287050550465463272509976106854,Coronal,1,0.2344,150.016,-3.423308524715862,-6.904756853287823,0.05779814244549153,False
1.2.826.0.1.3680043.8.498.17596657287050550465463272509976106854,Axial,-1,0.25,320.0,-5.802916624133758,-0.4349246316649129,0.0,False
1.2.826.0.1.3680043.8.498.17856297841306582866782295284505406916,Sagittal,1,0.3125,160.0,4.184592479919722,-3.47519354775244,0.16889070331367528,False
1.2.826.0.1.3680043.8.498.17856297841306582866782295284505406916,Sagittal,0,0.3125,160.0,0.4321720249307859,-6.883302491181933,0.18278992149078999,False
1.2.826.0.1.3680043.8.498.17856297841306582866782295284505406916,Coronal,1,0.3125,160.0,2.9847150112257737,-7.615349145654333,0.13756422434264493,False
1.2.826.0.1.3680043.8.498.17856297841306582866782295284505406916,Coronal,0,0.3125,160.0,-0.42313369635762044,2.162887527108097,0.11740775331233277,False
1.2.826.0.1.3680043.8.498.17856297841306582866782295284505406916,Axial,-1,0.332,169.984,-6.0042274652936145,-43.938294727237185,0.08567424884312069,False
1.2.826.0.1.3680043.8.498.18175450083338316799857698898702333009,Sagittal,1,0.1875,150.0,-1.6250402558969448,-10.916891374358077,0.05055618417616847,False
1.2.826.0.1.3680043.8.498.18175450083338316799857698898702333009,Sagittal,0,0.1674,149.9904,-1.2386056189820815,-11.22333219725499,0.040527653302845246,False
1.2.826.0.1.3680043.8.498.18175450083338316799857698898702333009,Coronal,1,0.2344,150.016,-6.3182280656374825,-0.44360496129508253,0.08009110007759912,False
1.2.826.0.1.3680043.8.498.18175450083338316799857698898702333009,Axial,-1,0.1562,149.952,-6.189512039327567,5.38631583875952,0.0,False
1.2.826.0.1.3680043.8.498.18509793799833391995987656714798904411,Sagittal,1,0.1875,150.0,5.786065234872069,-12.715085499401063,0.03686494597092749,False
1.2.826.0.1.3680043.8.498.18509793799833391995987656714798904411,Sagittal,0,0.1674,149.9904,6.297566816176537,-13.394316755850683,0.0361740208945418,False
1.2.826.0.1.3680043.8.498.18509793799833391995987656714798904411,Coronal,1,0.2344,150.016,-6.693703962275344,-1.5598682869683889,0.06382718429325585,False
1.2.826.0.1.3680043.8.498.18509793799833391995987656714798904411,Axial,-1,0.25,320.0,2.73466961593266,3.8861343075852517,0.0,False
1.2.826.0.1.3680043.8.498.18758199166360428760124471581842191566,Sagittal,1,0.625,160.0,7.2845489612155845,-3.4231522299864015,0.11543872813393985,False
1.2.826.0.1.3680043.8.498.18758199166360428760124471581842191566,Sagittal,0,0.5,160.0,-1.8988440040650403,-7.069880589430895,0.0527693089430894,False
1.2.826.0.1.3680043.8.498.18758199166360428760124471581842191566,Coronal,1,0.5,160.0,4.767638063767706,-2.328769290259075,0.11127711182198474,False
1.2.826.0.1.3680043.8.498.18758199166360428760124471581842191566,Coronal,0,0.5,160.0,4.136113556338032,6.035675860719877,0.04731514084507038,False
1.2.826.0.1.3680043.8.498.18758199166360428760124471581842191566,Axial,-1,0.6640625,170.0,1.6641268370274631,9.413025578759468,0.0,False
1.2.826.0.1.3680043.8.498.19104350033985745058396432133828748480,Sagittal,1,0.36458333333333,139.99999999999872,-0.6623879890391406,-3.3456324438845306,0.0,True
1.2.826.0.1.3680043.8.498.19104350033985745058396432133828748480,Sagittal,0,0.3515625,146.25,9.873008908254166,-3.9567651041082064,0.14409330707456203,False
1.2.826.0.1.3680043.8.498.19104350033985745058396432133828748480,Coronal,1,0.33854166666667,130.00000000000128,-17.947470982056522,-12.270052577865746,0.0,True
1.2.826.0.1.3680043.8.498.19104350033985745058396432133828748480,Coronal,0,0.25,160.0,-16.931137857032233,-4.15243285249673,0.08226398814133051,False
1.2.826.0.1.3680043.8.498.19104350033985745058396432133828748480,Axial,-1,0.33854166666667,130.00000000000128,1.243223400384643,11.162763462238274,0.0,True
1.2.826.0.1.3680043.8.498.19439950168933299231685815631786334293,Sagittal,1,0.31124749779701,159.35871887206912,8.636739333724876,-5.033949663492514,0.11267596625541254,False
1.2.826.0.1.3680043.8.498.19439950168933299231685815631786334293,Sagittal,0,0.31124749779701,159.35871887206912,-4.247441944287015,-11.384753969816243,0.08898446039062868,False
1.2.826.0.1.3680043.8.498.19439950168933299231685815631786334293,Coronal,1,0.3125,160.0,7.6929816536557105,-19.196743196356934,0.08746250316238391,False
1.2.826.0.1.3680043.8.498.19439950168933299231685815631786334293,Axial,-1,0.3571428656578,160.0000038146944,1.6834710628606433,4.673252734989152,0.0,False
1.2.826.0.1.3680043.8.498.19788612491138642031531719942303619648,Sagittal,1,0.28145694732666,180.1324462890624,8.288116438026048,-1.5904270420166084,0.20890477929917384,False
1.2.826.0.1.3680043.8.498.19788612491138642031531719942303619648,Sagittal,0,0.26845636963844,188.99328422546176,2.389537332502537,-20.3037009416451,0.232255081770656,False
1.2.826.0.1.3680043.8.498.19788612491138642031531719942303619648,Coronal,1,0.28125,180.0,2.9594667361411204,5.104545790587117,0.15282864357043746,False
1.2.826.0.1.3680043.8.498.19788612491138642031531719942303619648,Axial,-1,0.3125,160.0,-3.5344547932560033,18.828339995471488,0.002194586686174116,False
1.2.826.0.1.3680043.8.498.19977273190231806393528180968361858122,Sagittal,1,0.31124749779701,159.35871887206912,21.3878951822534,-5.879586437090691,0.10273801055932352,False
1.2.826.0.1.3680043.8.498.19977273190231806393528180968361858122,Sagittal,0,0.31124749779701,159.35871887206912,-4.979624781750252,-15.979841021508433,0.09755626121772742,False
1.2.826.0.1.3680043.8.498.19977273190231806393528180968361858122,Coronal,1,0.3125,160.0,-0.5468271882625064,-19.68289517084065,0.0899466694219474,False
1.2.826.0.1.3680043.8.498.19977273190231806393528180968361858122,Axial,-1,0.3571428656578,160.0000038146944,2.502792525125457,10.729140399468056,0.0,False
1.2.826.0.1.3680043.8.498.20266523169651039493799975212435349766,Sagittal,1,0.885417,170.000064,15.511732536748909,-16.405065239319175,0.07848362417261234,False
1.2.826.0.1.3680043.8.498.20266523169651039493799975212435349766,Sagittal,0,0.416667,160.00012800000002,-4.64183447291119,-8.848492745419199,0.05522157025090901,False
1.2.826.0.1.3680043.8.498.20266523169651039493799975212435349766,Coronal,1,0.416667,160.00012800000002,3.6257897083317867,-10.820632019255845,0.04797199150806364,False
1.2.826.0.1.3680043.8.498.20266523169651039493799975212435349766,Axial,-1,0.5,160.0,-1.5450930954228141,7.572375226273593,0.0,False
1.2.826.0.1.3680043.8.498.20587514285427671071934631922521946816,Sagittal,1,0.46875,150.0,15.481169686826718,-12.340407625423202,0.05234944085359594,False
1.2.826.0.1.3680043.8.498.20587514285427671071934631922521946816,Sagittal,0,0.390625,150.0,2.3264966899057993,-17.288041728788293,0.04447343453510433,False
1.2.826.0.1.3680043.8.498.20587514285427671071934631922521946816,Coronal,1,0.46875,150.0,-1.309239765564132,-12.349261190594238,0.10357201879264344,False
1.2.826.0.1.3680043.8.498.20587514285427671071934631922521946816,Coronal,0,0.390625,150.0,1.7469034036149078,-12.418750834037628,0.03373218866301919,False
1.2.826.0.1.3680043.8.498.20587514285427671071934631922521946816,Axial,-1,0.46875,150.0,1.84529986890976,18.25574885296045,0.0,False
1.2.826.0.1.3680043.8.498.20947841686457891570351579406919873254,Sagittal,1,0.1674,149.9904,-0.8060038921825604,-1.4105348777530091,0.028326269629339262,False
1.2.826.0.1.3680043.8.498.20947841686457891570351579406919873254,Sagittal,0,0.1875,150.0,-0.7949609095273722,-2.6526913734457374,0.031158453225701432,False
1.2.826.0.1.3680043.8.498.20947841686457891570351579406919873254,Coronal,1,0.2344,150.016,4.352545399964382,-2.630201439922664,0.0636050643216336,False
1.2.826.0.1.3680043.8.498.20947841686457891570351579406919873254,Axial,-1,0.1562,149.952,-1.2981466897014535,-1.1039160705702025,0.0,False
1.2.826.0.1.3680043.8.498.21312254534068992054745674608909722454,Sagittal,1,0.703125,180.0,5.541741346975597,0.16972212990220337,0.1645617700123445,False
1.2.826.0.1.3680043.8.498.21312254534068992054745674608909722454,Sagittal,0,0.703125,180.0,-6.339398282506306,1.5991000701746105,0.08654074884628193,False
1.2.826.0.1.3680043.8.498.21312254534068992054745674608909722454,Coronal,1,0.5625,180.0,-7.266781482787961,2.2115997136513634,0.1437760670636814,False
1.2.826.0.1.3680043.8.498.21312254534068992054745674608909722454,Coronal,0,0.703125,180.0,-6.195526646762897,12.245363704217407,0.0946447881893836,False
1.2.826.0.1.3680043.8.498.21312254534068992054745674608909722454,Axial,-1,0.5625,180.0,0.013155007743941738,3.5314371450696935,0.0,False
1.2.826.0.1.3680043.8.498.21605506484276750075895228202564072044,Sagittal,1,0.885417,170.000064,9.123928955210241,-1.8678301809871978,0.038461538461538436,False
1.2.826.0.1.3680043.8.498.21605506484276750075895228202564072044,Sagittal,0,0.416667,160.00012800000002,-4.886962359577335,-5.019594188483373,0.06694308213561895,False
1.2.826.0.1.3680043.8.498.21605506484276750075895228202564072044,Coronal,1,0.416667,160.00012800000002,-1.958112223514618,-1.393698780072018,0.052627818581921115,False
1.2.826.0.1.3680043.8.498.21605506484276750075895228202564072044,Axial,-1,0.5,160.0,-2.8766620088075854,14.947800220189706,0.029323340108401097,False
1.2.826.0.1.3680043.8.498.21937000442536121262190458446148124910,Sagittal,1,0.265625,170.0,26.38900418697785,3.064042809252495,0.3155221868681327,False
1.2.826.0.1.3680043.8.498.21937000442536121262190458446148124910,Sagittal,0,0.265625,170.0,3.900396541767642,-15.256126812897614,0.22160898212662827,False
1.2.826.0.1.3680043.8.498.21937000442536121262190458446148124910,Coronal,1,0.265625,170.0,2.713685379961598,-10.528508818272936,0.3430945164289768,False
1.2.826.0.1.3680043.8.498.21937000442536121262190458446148124910,Coronal,0,0.44270834326744,170.00000381469698,2.9616256255831246,-7.853047694763,0.11970212713666029,False
1.2.826.0.1.3680043.8.498.21937000442536121262190458446148124910,Axial,-1,0.265625,170.0,5.580822290333687,8.229034644009072,0.03416136388822466,False
1.2.826.0.1.3680043.8.498.22126824950877890715014783370071292997,Sagittal,1,0.36458334326744,140.00000381469698,-7.154712679575272,-3.547243459713331,0.0,True
1.2.826.0.1.3680043.8.498.22126824950877890715014783370071292997,Sagittal,0,0.3240740597248,139.99999380111362,17.56720339100286,0.9046449756693207,0.0,True
1.2.826.0.1.3680043.8.498.22126824950877890715014783370071292997,Coronal,1,0.36458334326744,140.00000381469698,-11.25472758575253,9.584982209666606,0.0,True
1.2.826.0.1.3680043.8.498.22126824950877890715014783370071292997,Coronal,0,0.19886364042758,140.00000286101633,-2.049500268097896,-3.315262226249771,0.0,True
1.2.826.0.1.3680043.8.498.22126824950877890715014783370071292997,Axial,-1,0.3240740597248,139.99999380111362,-6.499802520217174,-1.5876451944657288,0.0,True
1.2.826.0.1.3680043.8.498.22407175411826914385667795929161924645,Sagittal,1,0.16702127456665,171.0297851562496,2.167506058149662,-3.0992764433839035,0.1807331571665607,False
1.2.826.0.1.3680043.8.498.22407175411826914385667795929161924645,Sagittal,0,0.1699134260416,171.27273344993282,0.5948972602185814,-8.826110127967874,0.1735583660616966,False
1.2.826.0.1.3680043.8.498.22407175411826914385667795929161924645,Coronal,1,0.26093751192092,167.00000762938882,-2.3790179228500286,-0.5050462206654384,0.1473549515435466,False
1.2.826.0.1.3680043.8.498.22407175411826914385667795929161924645,Coronal,0,0.17395833134651,166.9999980926496,-3.5897403420588523,1.6333619470651761,0.12113844102726334,False
1.2.826.0.1.3680043.8.498.22407175411826914385667795929161924645,Axial,-1,0.19302324950695,169.860459566116,-4.4101587040230195,-2.079882782192455,0.0,False
1.2.826.0.1.3680043.8.498.22656222254273662937226093008714426490,Sagittal,1,0.5,160.0,4.883539400125258,-7.679080934375648,0.07761720290426588,False
1.2.826.0.1.3680043.8.498.22656222254273662937226093008714426490,Sagittal,0,0.416667,160.00012800000002,-0.42011159456233105,-0.7661828263262644,0.03925729442970827,False
1.2.826.0.1.3680043.8.498.22656222254273662937226093008714426490,Coronal,1,0.416667,160.00012800000002,4.665469941365148,-4.853920845225367,0.13686624275505033,False
1.2.826.0.1.3680043.8.498.22656222254273662937226093008714426490,Axial,-1,0.416667,160.00012800000002,4.723271835047384,7.333423428325965,0.0,False
1.2.826.0.1.3680043.8.498.23063675880057833741455102729816364091,Sagittal,1,0.33854166666667,130.00000000000128,12.272143730068418,-2.2793551583403997,0.0,True
1.2.826.0.1.3680043.8.498.23063675880057833741455102729816364091,Sagittal,0,0.3515625,180.0,16.940926850897398,-13.120281803298568,0.15467701511844123,False
1.2.826.0.1.3680043.8.498.23063675880057833741455102729816364091,Coronal,1,0.33854166666667,130.00000000000128,0.8593308278178846,-14.290101932074066,0.0,True
1.2.826.0.1.3680043.8.498.23063675880057833741455102729816364091,Coronal,0,0.25,160.0,4.583005220314988,-8.889493613358852,0.10642927237335309,False
1.2.826.0.1.3680043.8.498.23063675880057833741455102729816364091,Axial,-1,0.36458333333333,139.99999999999872,-10.30864591850631,4.760514615699059,0.0,True
1.2.826.0.1.3680043.8.498.23422918444346962998731376196027420200,Sagittal,1,0.34375,165.0,10.448430042666176,-4.142886165806337,0.1468089910385475,False
1.2.826.0.1.3680043.8.498.23422918444346962998731376196027420200,Sagittal,0,0.322265625,165.0,4.833113104547255,-12.117283147355698,0.15079486917067508,False
1.2.826.0.1.3680043.8.498.23422918444346962998731376196027420200,Coronal,1,0.35879629850387,155.00000095367184,2.7334437076019245,-3.0195226135469446,0.08987169206094625,False
1.2.826.0.1.3680043.8.498.23422918444346962998731376196027420200,Coronal,0,0.302734375,155.0,7.553505695990427,-2.666871322687246,0.07803305392472937,False
1.2.826.0.1.3680043.8.498.23422918444346962998731376196027420200,Axial,-1,0.24193547666072,81.29032015800192,1.1580596754979378,9.079908953840016,0.0,True
1.2.826.0.1.3680043.8.498.23822313132245448173452915228147497501,Sagittal,1,0.3516,180.0192,9.686698472143629,-8.58658965996193,0.23083606266897594,False
1.2.826.0.1.3680043.8.498.23822313132245448173452915228147497501,Sagittal,0,0.1758,180.0192,3.116576881255696,-8.993561683348501,0.15416571883530483,False
1.2.826.0.1.3680043.8.498.23822313132245448173452915228147497501,Coronal,1,0.332,169.984,-5.1004875844915905,-6.92553651499634,0.20887783467446963,False
1.2.826.0.1.3680043.8.498.23822313132245448173452915228147497501,Coronal,0,0.166,169.984,-7.2820427741298,-0.13240189841677466,0.11161521208874925,False
1.2.826.0.1.3680043.8.498.23822313132245448173452915228147497501,Axial,-1,0.332,169.984,-3.4923824881721823,7.953980332987465,0.008415120562785039,False
1.2.826.0.1.3680043.8.498.24209643225939781032698894992032106781,Sagittal,1,0.3125,160.0,3.4004404470497285,-3.380521692218501,0.12485828394743625,False
1.2.826.0.1.3680043.8.498.24209643225939781032698894992032106781,Sagittal,0,0.2222222238779,160.000001192088,-2.218065568922699,-10.83540670855154,0.09234561180668965,False
1.2.826.0.1.3680043.8.498.24209643225939781032698894992032106781,Coronal,1,0.30496159195899,161.01972055434672,-4.82408086391945,-4.050313330028659,0.12112662353456238,False
1.2.826.0.1.3680043.8.498.24209643225939781032698894992032106781,Axial,-1,0.3125,160.0,-3.295786725571963,-5.810298251272954,0.0,False
1.2.826.0.1.3680043.8.498.24502332819381293694020055836255028614,Sagittal,1,0.22727273404598,160.00000476836993,25.58947298119566,0.46154737412338415,0.1295250350159992,False
1.2.826.0.1.3680043.8.498.24502332819381293694020055836255028614,Sagittal,0,0.40000000596046,160.000002384184,0.3297300105276052,-8.929929189361824,0.1371408155974072,False
1.2.826.0.1.3680043.8.498.24502332819381293694020055836255028614,Coronal,1,0.25,160.0,-7.772937255267578,-5.222212381129964,0.15116539250419536,False
1.2.826.0.1.3680043.8.498.24502332819381293694020055836255028614,Coronal,0,0.22727273404598,160.00000476836993,9.068629103114837,-2.957715381624424,0.12499062911041292,False
1.2.826.0.1.3680043.8.498.24502332819381293694020055836255028614,Axial,-1,0.25,160.0,-7.238557671039416,13.402299950657621,0.01791639017916391,False
1.2.826.0.1.3680043.8.498.24808246532191535554375304081795021306,Sagittal,1,0.46875,150.0,15.305283553447735,-0.4195271309314652,0.08978600227437195,False
1.2.826.0.1.3680043.8.498.24808246532191535554375304081795021306,Sagittal,0,0.390625,150.0,5.496698195298356,-11.829642779037242,0.05865973411529879,False
1.2.826.0.1.3680043.8.498.24808246532191535554375304081795021306,Coronal,1,0.4375,140.0,2.5785466784711257,-0.6541797685920159,0.0,True
1.2.826.0.1.3680043.8.498.24808246532191535554375304081795021306,Coronal,0,0.36458334326744,140.00000381469698,-6.447748128778094,-2.967922713963253,0.0,True
1.2.826.0.1.3680043.8.498.24808246532191535554375304081795021306,Axial,-1,0.4375,140.0,-2.715261732851987,8.96630866425993,0.0,True
1.2.826.0.1.3680043.8.498.25145588904873072866960435474159832047,Sagittal,1,0.265625,170.0,11.432977228703944,-3.4444867497955167,0.16186080375360667,False
1.2.826.0.1.3680043.8.498.25145588904873072866960435474159832047,Sagittal,0,0.26562500596046,170.00000381469442,-1.8006500963546705,-1.2058357606188432,0.08274017758315622,False
1.2.826.0.1.3680043.8.498.25145588904873072866960435474159832047,Coronal,1,0.265625,170.0,-3.905690761930418,-1.9077743841464763,0.16995904087379465,False
1.2.826.0.1.3680043.8.498.25145588904873072866960435474159832047,Coronal,0,0.265625,170.0,-2.178825018523092,6.562050429118295,0.10632981273517061,False
1.2.826.0.1.3680043.8.498.25145588904873072866960435474159832047,Axial,-1,0.25,160.0,-0.09102576068694646,0.9491449401613608,0.0008503930475183274,False
1.2.826.0.1.3680043.8.498.25394815405242666778213609728680620077,Sagittal,1,0.1897,169.9712,3.3375893830626886,-24.82406603520709,0.12481257779789523,False
1.2.826.0.1.3680043.8.498.25394815405242666778213609728680620077,Sagittal,0,0.2125,170.0,2.928674459030726,-23.824624194957917,0.12185819860554359,False
1.2.826.0.1.3680043.8.498.25394815405242666778213609728680620077,Coronal,1,0.2415,170.016,-4.698090467432176,-11.551055261692646,0.11338037168206216,False
1.2.826.0.1.3680043.8.498.25394815405242666778213609728680620077,Axial,-1,0.25,320.0,3.395563432962689,8.809233567955388,0.0,False
1.2.826.0.1.3680043.8.498.25616615589791001678067099907823838797,Sagittal,1,0.416667,160.00012800000002,1.3747891635808804,-5.302424553906409,0.12076297049847406,False
1.2.826.0.1.3680043.8.498.25616615589791001678067099907823838797,Sagittal,0,0.416667,160.00012800000002,-8.643746221259917,2.651269814279046,0.06221185254316375,False
1.2.826.0.1.3680043.8.498.25616615589791001678067099907823838797,Coronal,1,0.416667,160.00012800000002,-0.14948046018031977,-3.1711878871732373,0.0252467680509858,False
1.2.826.0.1.3680043.8.498.25616615589791001678067099907823838797,Coronal,0,0.416667,160.00012800000002,1.6085064361400099,-2.9451421238001223,0.06341245100157411,False
1.2.826.0.1.3680043.8.498.25616615589791001678067099907823838797,Axial,-1,0.5125,153.75,-7.889753143046194,-0.9994582380895074,0.0,False
1.2.826.0.1.3680043.8.498.25766387275525303860953321689718246405,Sagittal,1,0.36458384990692,175.0002479553216,8.278940549577154,-0.6552806909744466,0.21005595617500628,False
1.2.826.0.1.3680043.8.498.25766387275525303860953321689718246405,Sagittal,0,0.17089867591857,175.00024414061568,2.4208081040573344,-9.413360926152174,0.19005175388154116,False
1.2.826.0.1.3680043.8.498.25766387275525303860953321689718246405,Coronal,1,0.32291665673255,154.99999523162398,-8.4857588264995,-2.560790008438488,0.11296053861978683,False
1.2.826.0.1.3680043.8.498.25766387275525303860953321689718246405,Coronal,0,0.32291665673255,154.99999523162398,-10.207899714340053,1.6719508540331658,0.09661374486510488,False
1.2.826.0.1.3680043.8.498.25766387275525303860953321689718246405,Axial,-1,0.34378936886787,165.0188970565776,-5.030784431099828,3.635030620680742,0.0,False
1.2.826.0.1.3680043.8.498.25977532612504997807641730439567378227,Sagittal,1,0.25,160.0,9.732498214553374,-3.4711110327375962,0.09751183684985498,False
1.2.826.0.1.3680043.8.498.25977532612504997807641730439567378227,Sagittal,0,0.25,160.0,6.359068200924199,-7.764538946331328,0.06033508784141961,False
1.2.826.0.1.3680043.8.498.25977532612504997807641730439567378227,Coronal,1,0.25,160.0,-4.157063313583876,-2.5157289279072756,0.09664403407862299,False
1.2.826.0.1.3680043.8.498.25977532612504997807641730439567378227,Coronal,0,0.25,160.0,-3.0975337099072817,3.2236321307200058,0.04566199507261259,False
1.2.826.0.1.3680043.8.498.25977532612504997807641730439567378227,Axial,-1,0.25,160.0,-7.697017811947859,4.215756967989435,0.0,False
1.2.826.0.1.3680043.8.498.26325951519908477683595799515094966069,Sagittal,1,0.703125,180.0,-0.3679245283018917,-5.363063569548048,0.2693579055141144,False
1.2.826.0.1.3680043.8.498.26325951519908477683595799515094966069,Sagittal,0,0.703125,180.0,-21.718527700318685,-3.787559754154337,0.13578420213976783,False
1.2.826.0.1.3680043.8.498.26325951519908477683595799515094966069,Coronal,1,0.703125,180.0,-5.635979923169813,-8.619796004414093,0.26596985092029646,False
1.2.826.0.1.3680043.8.498.26325951519908477683595799515094966069,Coronal,0,0.703125,180.0,-1.7098935133630333,-2.012722717149218,0.1026280623608018,False
1.2.826.0.1.3680043.8.498.26325951519908477683595799515094966069,Axial,-1,0.703125,180.0,-8.464301132003067,9.689658480429769,0.001193826213012672,False
1.2.826.0.1.3680043.8.498.26619973716086136503589916868066348957,Sagittal,1,0.22499999403953,179.999995231624,14.629524385079339,9.674413395349559,0.22114831133763824,False
1.2.826.0.1.3680043.8.498.26619973716086136503589916868066348957,Sagittal,0,0.36585366725921,187.3170776367155,7.502871774289326,-8.01888204875954,0.2573739858551931,False
1.2.826.0.1.3680043.8.498.26619973716086136503589916868066348957,Coronal,1,0.25,160.0,-3.971818551268939,-14.191272299219435,0.15621014868481897,False
1.2.826.0.1.3680043.8.498.26619973716086136503589916868066348957,Coronal,0,0.22727273404598,160.00000476836993,-8.091030115853963,-5.677244163584026,0.17979927457525213,False
1.2.826.0.1.3680043.8.498.26619973716086136503589916868066348957,Axial,-1,0.234375,180.0,-8.942811049443474,10.350071122837079,0.09528612164220218,False
1.2.826.0.1.3680043.8.498.26946980494141305258556994153410856428,Sagittal,1,0.2734,139.9808,18.992371209556364,-4.685334393731302,0.0,True
1.2.826.0.1.3680043.8.498.26946980494141305258556994153410856428,Sagittal,0,0.2734,139.9808,7.420361884575345,-16.84623863156329,0.0,True
1.2.826.0.1.3680043.8.498.26946980494141305258556994153410856428,Coronal,1,0.2734,139.9808,-5.305318528054139,-10.389587145300405,0.0,True
1.2.826.0.1.3680043.8.498.26946980494141305258556994153410856428,Coronal,0,0.5469,140.0064,0.35260875022630567,-3.4530673918290975,0.0,True
1.2.826.0.1.3680043.8.498.26946980494141305258556994153410856428,Axial,-1,0.5469,140.0064,-3.708853602693607,15.125866801346797,0.0,True
1.2.826.0.1.3680043.8.498.27186001621007168581611489439038285508,Sagittal,1,0.366379,169.999856,20.042660731539407,-12.055234180376182,0.2195473158439455,False
1.2.826.0.1.3680043.8.498.27186001621007168581611489439038285508,Sagittal,0,0.342742,170.000032,3.4832259952888633,-22.75108864880781,0.15051809900890856,False
1.2.826.0.1.3680043.8.498.27186001621007168581611489439038285508,Coronal,1,0.320565,157.07685,7.424074179476397,-14.20625483397382,0.11610824226412075,False
1.2.826.0.1.3680043.8.498.27186001621007168581611489439038285508,Axial,-1,0.357143,165.000066,2.760034881084843,14.019661067016937,0.039084634008138885,False
1.2.826.0.1.3680043.8.498.27398034409980350921804398626171135707,Sagittal,1,0.35416665673255,169.99999523162398,4.0956908002650865,-2.6421868922512686,0.16698804228157593,False
1.2.826.0.1.3680043.8.498.27398034409980350921804398626171135707,Sagittal,0,0.3035714328289,170.000002384184,1.1108221036801038,-5.799377137707043,0.12971126007459766,False
1.2.826.0.1.3680043.8.498.27398034409980350921804398626171135707,Coronal,1,0.33203125,170.0,3.2873311431338568,-9.673803947925013,0.15582865793926437,False
1.2.826.0.1.3680043.8.498.27398034409980350921804398626171135707,Coronal,0,0.33203125,170.0,4.23177368821009,-0.9577615793801048,0.11147697827386882,False
1.2.826.0.1.3680043.8.498.27398034409980350921804398626171135707,Axial,-1,0.22510793805122,162.0777153968784,3.8874751629028275,17.23931056150059,0.04728038319927064,False
1.2.826.0.1.3680043.8.498.27656830051511853680197276412365020780,Sagittal,1,0.332,169.984,11.168913210694592,-21.39750076456142,0.13993018550267977,False
1.2.826.0.1.3680043.8.498.27656830051511853680197276412365020780,Sagittal,0,0.3516,180.0192,2.2238759689142644,-32.82668067201529,0.16982721762531128,False
1.2.826.0.1.3680043.8.498.27656830051511853680197276412365020780,Coronal,1,0.3516,180.0192,-22.265906336288005,-13.852841527056741,0.3117022964793362,False
1.2.826.0.1.3680043.8.498.27656830051511853680197276412365020780,Coronal,0,0.3516,180.0192,-3.1768841380342843,-21.066592529380944,0.10181650323127978,False
1.2.826.0.1.3680043.8.498.27656830051511853680197276412365020780,Axial,-1,0.3516,180.0192,-5.061464477731462,9.378433889667471,0.0,False
1.2.826.0.1.3680043.8.498.27921111050680927418542588425335218896,Sagittal,1,0.33854166666667,130.00000000000128,12.47166885225854,-2.893587803660912,0.0,True
1.2.826.0.1.3680043.8.498.27921111050680927418542588425335218896,Sagittal,0,0.3515625,180.0,22.0049893465909,-1.5862955729166706,0.15869528619528617,False
1.2.826.0.1.3680043.8.498.27921111050680927418542588425335218896,Coronal,1,0.33854166666667,130.00000000000128,8.099950350512813,-13.603761349843747,0.0,True
1.2.826.0.1.3680043.8.498.27921111050680927418542588425335218896,Coronal,0,0.25,160.0,-0.3634964319902565,-7.066217583326079,0.05100187102950138,False
1.2.826.0.1.3680043.8.498.27921111050680927418542588425335218896,Axial,-1,0.33854166666667,130.00000000000128,1.2403093610491194,8.865748814174193,0.0,True
1.2.826.0.1.3680043.8.498.28134711422142706763867845558971485241,Sagittal,1,0.33333334326744,160.0000047683712,18.63037889586203,-4.744083807987888,0.12274804799085892,False
1.2.826.0.1.3680043.8.498.28134711422142706763867845558971485241,Sagittal,0,0.3125,160.0,-0.21804683264051938,-6.310133517079342,0.10137357672148928,False
1.2.826.0.1.3680043.8.498.28134711422142706763867845558971485241,Coronal,1,0.3125,165.0,5.2091820368251796,-8.8012718305764,0.08612766818155959,False
1.2.826.0.1.3680043.8.498.28134711422142706763867845558971485241,Coronal,0,0.3030303120613,160.00000476836638,2.2000364205586425,-17.947166942853567,0.0614539200469818,False
1.2.826.0.1.3680043.8.498.28134711422142706763867845558971485241,Axial,-1,0.3125,160.0,1.5314415017257232,9.888815796093748,0.0,False
1.2.826.0.1.3680043.8.498.28360174615866226538417948042981668998,Sagittal,1,0.31124749779701,159.35871887206912,44.705313390475176,-10.656833703675645,0.3100757313650867,False
1.2.826.0.1.3680043.8.498.28360174615866226538417948042981668998,Sagittal,0,0.31124749779701,159.35871887206912,13.658044541330316,-14.409969135267716,0.1965136936905244,False
1.2.826.0.1.3680043.8.498.28360174615866226538417948042981668998,Coronal,1,0.3125,160.0,18.345503448932607,-24.11151686788891,0.16794190225402028,False
1.2.826.0.1.3680043.8.498.28360174615866226538417948042981668998,Axial,-1,0.3571428656578,160.0000038146944,21.123439416133795,26.406276787206373,0.09634379080590616,False
1.2.826.0.1.3680043.8.498.28638490997780173004029312240334483157,Sagittal,1,0.2734,174.976,3.4197346815794316,-8.097952057200732,0.22141352149515137,False
1.2.826.0.1.3680043.8.498.28638490997780173004029312240334483157,Sagittal,0,0.2734,174.976,-3.560248868301048,-17.346148920436494,0.12776782343458803,False
1.2.826.0.1.3680043.8.498.28638490997780173004029312240334483157,Coronal,1,0.2734,158.57199999999997,-0.33452265861027364,-7.092479571832487,0.18567043452463838,False
1.2.826.0.1.3680043.8.498.28638490997780173004029312240334483157,Coronal,0,0.3038,150.6848,-2.78233003785684,-16.057406172997464,0.08875659484153564,False
1.2.826.0.1.3680043.8.498.28638490997780173004029312240334483157,Axial,-1,0.2578,164.992,-0.2515738756310204,5.267368822526715,0.02410181603618955,False
1.2.826.0.1.3680043.8.498.28888941572409703700315590339486528256,Sagittal,1,0.2214,170.0352,9.474571464330412,2.766877157257388,0.14510254935786848,False
1.2.826.0.1.3680043.8.498.28888941572409703700315590339486528256,Sagittal,0,0.2214,170.0352,-1.4135689197739316,-4.244151353926001,0.13820068958163012,False
1.2.826.0.1.3680043.8.498.28888941572409703700315590339486528256,Coronal,1,0.25,135.0,1.1713737107746311,-7.662873966791011,0.03982152000585182,True
1.2.826.0.1.3680043.8.498.28888941572409703700315590339486528256,Coronal,0,0.25,135.0,0.5721688052941971,-7.891339216753266,0.07074585732340966,True
1.2.826.0.1.3680043.8.498.28888941572409703700315590339486528256,Axial,-1,0.2344,150.016,-2.0271602172113306,14.053083676877096,0.04415788513617802,False
1.2.826.0.1.3680043.8.498.29292398668403593100514493322849770181,Sagittal,1,0.312499,159.999488,11.80897023735682,3.9514893422582444,0.09430374814930254,False
1.2.826.0.1.3680043.8.498.29292398668403593100514493322849770181,Sagittal,0,0.312499,159.999488,4.714873845057841,-13.527920695793902,0.09702944269190328,False
1.2.826.0.1.3680043.8.498.29292398668403593100514493322849770181,Coronal,1,0.351558,179.997696,-2.6455800927241806,-4.627625685880635,0.21896360738119036,False
1.2.826.0.1.3680043.8.498.29292398668403593100514493322849770181,Axial,-1,0.35156,179.99872,-1.5246776055986655,6.4991308969157435,0.0,False
1.2.826.0.1.3680043.8.498.29509443439138257275071354031180789464,Sagittal,1,0.332,169.984,11.863078545242194,-6.2955539045518,0.09186321902475425,False
1.2.826.0.1.3680043.8.498.29509443439138257275071354031180789464,Sagittal,0,0.332,169.984,8.834796786378355,-12.627364198758054,0.08727532130369198,False
1.2.826.0.1.3680043.8.498.29509443439138257275071354031180789464,Coronal,1,0.6641,170.0096,13.21738011714322,-11.77587574001764,0.06782970147373724,False
1.2.826.0.1.3680043.8.498.29509443439138257275071354031180789464,Coronal,0,0.332,169.984,2.697936674500023,-5.588140693491923,0.017485971895832342,False
1.2.826.0.1.3680043.8.498.29509443439138257275071354031180789464,Axial,-1,0.332,169.984,3.3026105134438666,7.768083734878363,0.02551933967070885,False
1.2.826.0.1.3680043.8.498.29971686675947075024168289004002445393,Sagittal,1,0.3125,160.0,18.597247169349984,-1.3161464602768547,0.032594793860968974,False
1.2.826.0.1.3680043.8.498.29971686675947075024168289004002445393,Sagittal,0,0.3125,160.0,-0.441965445414052,-16.843259017481742,0.06931121737206192,False
1.2.826.0.1.3680043.8.498.29971686675947075024168289004002445393,Coronal,1,0.3516,180.0192,-3.3684512602979817,-1.6468222927256837,0.06627519719544261,False
1.2.826.0.1.3680043.8.498.29971686675947075024168289004002445393,Axial,-1,0.3906,199.9872,1.0407541239848792,2.603348842968568,0.0,False
1.2.826.0.1.3680043.8.498.30233578499383083757206211752001832047,Sagittal,1,0.416667,160.00012800000002,12.175278330581696,-5.8803757472896425,0.14738686184946714,False
1.2.826.0.1.3680043.8.498.30233578499383083757206211752001832047,Sagittal,0,0.416667,160.00012800000002,5.885777758004317,-13.990674346445164,0.11815287789527606,False
1.2.826.0.1.3680043.8.498.30233578499383083757206211752001832047,Coronal,1,0.416667,160.00012800000002,1.3792910775514762,-4.107097918285138,0.02198717227410829,False
1.2.826.0.1.3680043.8.498.30233578499383083757206211752001832047,Coronal,0,0.384615,159.99984,4.974149517220558,-4.274580119860841,0.11465018745631317,False
1.2.826.0.1.3680043.8.498.30233578499383083757206211752001832047,Axial,-1,0.5125,153.75,-4.8538562489501045,13.82834565205218,0.02735315527185178,False
1.2.826.0.1.3680043.8.498.30490857770169699336468319880130884989,Sagittal,1,0.265625,170.0,21.63991335928106,-0.4281747101178901,0.14119573780007466,False
1.2.826.0.1.3680043.8.498.30490857770169699336468319880130884989,Sagittal,0,0.44270834326744,170.00000381469698,-4.057945442490314,2.91886989935371,0.08306235930194528,False
1.2.826.0.1.3680043.8.498.30490857770169699336468319880130884989,Coronal,1,0.28125,180.0,-1.8135124735346633,-13.357413604579904,0.10974296114701731,False
1.2.826.0.1.3680043.8.498.30490857770169699336468319880130884989,Coronal,0,0.46875,180.0,-3.037036740189789,8.926583739420364,0.09882875951098569,False
1.2.826.0.1.3680043.8.498.30490857770169699336468319880130884989,Axial,-1,0.234375,150.0,7.931423384295755,1.1341436018685513,0.0,False
1.2.826.0.1.3680043.8.498.30756534269149851281518502475458067520,Sagittal,1,0.25,160.0,16.375766177136043,12.174750092558313,0.10911596528034884,False
1.2.826.0.1.3680043.8.498.30756534269149851281518502475458067520,Sagittal,0,0.25,160.0,-1.3829272855898296,-19.957549155455773,0.08828980524909524,False
1.2.826.0.1.3680043.8.498.30756534269149851281518502475458067520,Coronal,1,0.25,160.0,5.80880140036237,-14.662197125571964,0.24038018610078926,False
1.2.826.0.1.3680043.8.498.30756534269149851281518502475458067520,Coronal,0,0.25,160.0,6.775848130291621,-6.106564557855123,0.051481655691439365,False
1.2.826.0.1.3680043.8.498.30756534269149851281518502475458067520,Axial,-1,0.234375,150.0,-1.9357828540578792,6.259793715783615,0.0,False
1.2.826.0.1.3680043.8.498.30998941785989496591079894962766360976,Sagittal,1,0.1465,150.016,8.627842761597192,-0.08753812116557236,0.054053021783321054,False
1.2.826.0.1.3680043.8.498.30998941785989496591079894962766360976,Sagittal,0,0.3906,199.9872,-2.339303333897446,-2.1900951768488737,0.09165867509072789,False
1.2.826.0.1.3680043.8.498.30998941785989496591079894962766360976,Coronal,1,0.1367,139.9808,0.25044054491834294,-4.330470858374855,0.0,True
1.2.826.0.1.3680043.8.498.30998941785989496591079894962766360976,Coronal,0,0.1367,139.9808,-1.1428732065289053,-2.4055478189047736,0.0,True
1.2.826.0.1.3680043.8.498.30998941785989496591079894962766360976,Axial,-1,0.1465,150.016,4.1865085101890385,2.7186051598185084,0.0,False
1.2.826.0.1.3680043.8.498.31218039240665208717816408042644491715,Sagittal,1,0.31124749779701,159.35871887206912,32.54653881502616,-2.9897297872242583,0.13431927095608454,False
1.2.826.0.1.3680043.8.498.31218039240665208717816408042644491715,Sagittal,0,0.31124749779701,159.35871887206912,6.650292424461719,-14.959852707007313,0.09426049691342275,False
1.2.826.0.1.3680043.8.498.31218039240665208717816408042644491715,Coronal,1,0.3125,160.0,2.773644179894177,-9.802432347460055,0.09756431308155444,False
1.2.826.0.1.3680043.8.498.31218039240665208717816408042644491715,Axial,-1,0.3571428656578,160.0000038146944,2.242099053752785,0.6320376947353824,0.0,False
1.2.826.0.1.3680043.8.498.31555333355990829772911515362502000209,Sagittal,1,0.22727273404598,160.00000476836993,28.834401987734125,0.5363490406222843,0.1159711465550205,False
1.2.826.0.1.3680043.8.498.31555333355990829772911515362502000209,Sagittal,0,0.40000000596046,160.000002384184,14.241723582992377,-3.7257279843254927,0.11894297031851975,False
1.2.826.0.1.3680043.8.498.31555333355990829772911515362502000209,Coronal,1,0.25,160.0,3.786187996135908,3.7578510227225053,0.1159351505733126,False
1.2.826.0.1.3680043.8.498.31555333355990829772911515362502000209,Coronal,0,0.22727273404598,160.00000476836993,6.166346308418358,2.7373506499509928,0.09164680993207885,False
1.2.826.0.1.3680043.8.498.31555333355990829772911515362502000209,Axial,-1,0.25,160.0,-4.481314565695769,9.349210306663338,0.0,False
1.2.826.0.1.3680043.8.498.31898017986762601111404430885432769100,Sagittal,1,0.35416665673255,169.99999523162398,10.299845168598564,-3.764322455080948,0.1961201004150821,False
1.2.826.0.1.3680043.8.498.31898017986762601111404430885432769100,Sagittal,0,0.3035714328289,170.000002384184,0.5163855083688244,-15.943080357159142,0.18855939048899173,False
1.2.826.0.1.3680043.8.498.31898017986762601111404430885432769100,Coronal,1,0.375,150.0,3.7323136707851745,-10.832786583683351,0.0671735598001042,False
1.2.826.0.1.3680043.8.498.31898017986762601111404430885432769100,Coronal,0,0.3035714328289,170.000002384184,-1.6223115806006303,-3.619786890432467,0.09415133059711378,False
1.2.826.0.1.3680043.8.498.31898017986762601111404430885432769100,Axial,-1,0.30696535110473,162.07770538329743,1.9482128482977423,5.6660550473202616,0.00023658839533924336,False
1.2.826.0.1.3680043.8.498.32265622493980668732317541941196894795,Sagittal,1,0.22522519528865,162.162140607828,22.544917538605617,3.7363091901708216,0.15884869919730216,False
1.2.826.0.1.3680043.8.498.32265622493980668732317541941196894795,Sagittal,0,0.40000000596046,160.000002384184,0.503705397311492,-10.775039588249285,0.14948378180635724,False
1.2.826.0.1.3680043.8.498.32265622493980668732317541941196894795,Coronal,1,0.24996387958526,159.9768829345664,-6.966909522045903,5.768162679411534,0.1540169559951554,False
1.2.826.0.1.3680043.8.498.32265622493980668732317541941196894795,Coronal,0,0.22723989188671,159.97688388824383,-7.854786280688999,5.019556668636923,0.09125020561861197,False
1.2.826.0.1.3680043.8.498.32265622493980668732317541941196894795,Axial,-1,0.25,160.0,-8.340479873264556,7.579619731310885,0.0037546621427769766,False
1.2.826.0.1.3680043.8.498.32513010438338970418994141548516096399,Sagittal,1,0.6641,170.0096,14.182235610646243,-5.689747983799179,0.1289389353747552,False
1.2.826.0.1.3680043.8.498.32513010438338970418994141548516096399,Sagittal,0,0.332,169.984,3.2273782003395555,-13.633414845500852,0.09564685908319182,False
1.2.826.0.1.3680043.8.498.32513010438338970418994141548516096399,Coronal,1,0.332,169.984,16.1515431561193,-14.620405073748346,0.12606922189904135,False
1.2.826.0.1.3680043.8.498.32513010438338970418994141548516096399,Coronal,0,0.332,169.984,5.967275766917207,-11.632415549628808,0.04958839897013145,False
1.2.826.0.1.3680043.8.498.32513010438338970418994141548516096399,Axial,-1,0.332,169.984,9.572589144183809,3.1904067728764653,0.0,False
1.2.826.0.1.3680043.8.498.32835080036019877751472792740274297358,Sagittal,1,0.33333334326744,160.0000047683712,17.3625991153632,-3.748425081792907,0.1451683662962996,False
1.2.826.0.1.3680043.8.498.32835080036019877751472792740274297358,Sagittal,0,0.3125,160.0,-5.842893250417234,-6.42161724129255,0.13376720313325563,False
1.2.826.0.1.3680043.8.498.32835080036019877751472792740274297358,Coronal,1,0.3125,165.0,3.0606104642430054,1.6779036216602705,0.09792541590814874,False
1.2.826.0.1.3680043.8.498.32835080036019877751472792740274297358,Coronal,0,0.3030303120613,160.00000476836638,4.469815726603835,-6.210083311330285,0.10884387290862685,False
1.2.826.0.1.3680043.8.498.32835080036019877751472792740274297358,Axial,-1,0.3125,160.0,-0.038378104901308774,7.779005068566569,0.0,False
1.2.826.0.1.3680043.8.498.33284228284209148349668722931307588402,Sagittal,1,0.31124749779701,159.35871887206912,36.80553357769438,-0.7899589843571704,0.1324169530355097,False
1.2.826.0.1.3680043.8.498.33284228284209148349668722931307588402,Sagittal,0,0.31124749779701,159.35871887206912,7.424693950942952,-12.430620722307612,0.13025402087720084,False
1.2.826.0.1.3680043.8.498.33284228284209148349668722931307588402,Coronal,1,0.3125,160.0,7.705059108806882,-9.556357613656603,0.11569293519991641,False
1.2.826.0.1.3680043.8.498.33284228284209148349668722931307588402,Axial,-1,0.3571428656578,160.0000038146944,8.593040541206989,1.9058770103373792,0.0,False
1.2.826.0.1.3680043.8.498.33614319611050071354692274770073371314,Sagittal,1,0.2404,200.0128,0.5520724578932308,-10.619181033399943,0.1458892377961747,False
1.2.826.0.1.3680043.8.498.33614319611050071354692274770073371314,Sagittal,0,0.2404,200.0128,9.931390242023825,-13.933652757428458,0.19247655073257564,False
1.2.826.0.1.3680043.8.498.33614319611050071354692274770073371314,Coronal,1,0.2404,200.0128,-8.02586585055921,-5.925603138974305,0.15432966990328933,False
1.2.826.0.1.3680043.8.498.33614319611050071354692274770073371314,Axial,-1,0.25,320.0,-19.25981287385528,-2.3398752492368544,0.04287756074321103,False
1.2.826.0.1.3680043.8.498.33947148016115721563601115463364787679,Sagittal,1,0.3125,160.0,7.863061951577777,-4.645379804532981,0.11713847620765638,False
1.2.826.0.1.3680043.8.498.33947148016115721563601115463364787679,Sagittal,0,0.2222222238779,160.000001192088,-0.8445463376031644,-3.765049204429895,0.07492603405372578,False
1.2.826.0.1.3680043.8.498.33947148016115721563601115463364787679,Coronal,1,0.3125,160.0,-6.464134851887495,-4.047539478843616,0.12621110041706773,False
1.2.826.0.1.3680043.8.498.33947148016115721563601115463364787679,Axial,-1,0.3125,160.0,1.321985291275265,8.622724109938531,0.0,False
1.2.826.0.1.3680043.8.498.34206043272866138622475050809785944941,Sagittal,1,0.5625,180.0,4.124630417304246,-15.060169035454006,0.20087143709313482,False
1.2.826.0.1.3680043.8.498.34206043272866138622475050809785944941,Sagittal,0,0.5625,180.0,-4.570689690384766,-25.519514337063967,0.21730250796503559,False
1.2.826.0.1.3680043.8.498.34206043272866138622475050809785944941,Coronal,1,0.5625,180.0,-15.660310310310313,-10.447872872872876,0.24426648871093315,False
1.2.826.0.1.3680043.8.498.34206043272866138622475050809785944941,Coronal,0,0.5625,180.0,-9.255523708238224,-10.402596493048355,0.15586221207719442,False
1.2.826.0.1.3680043.8.498.34206043272866138622475050809785944941,Axial,-1,0.5625,180.0,11.754258422142525,3.6753844891156167,0.03823425425526539,False
1.2.826.0.1.3680043.8.498.34572444983416782410188788741787280444,Sagittal,1,0.2734,139.9808,24.023072025519735,-8.688168561346778,0.0,True
1.2.826.0.1.3680043.8.498.34572444983416782410188788741787280444,Sagittal,0,0.2734,139.9808,4.243199090924569,-14.649850501353395,0.0,True
1.2.826.0.1.3680043.8.498.34572444983416782410188788741787280444,Coronal,1,0.2734,139.9808,-6.085534327598814,-22.486091506344003,0.0,True
1.2.826.0.1.3680043.8.498.34572444983416782410188788741787280444,Coronal,0,0.5469,140.0064,1.4157410663983858,-9.214439698189135,0.0,True
1.2.826.0.1.3680043.8.498.34572444983416782410188788741787280444,Axial,-1,0.5859,149.9904,-3.710882455156953,6.615057679372204,0.0,False
1.2.826.0.1.3680043.8.498.34826100703045042103752460066224521343,Sagittal,1,0.33854166666667,130.00000000000128,22.577621591762135,-1.9847504648683993,0.0,True
1.2.826.0.1.3680043.8.498.34826100703045042103752460066224521343,Coronal,1,0.33854166666667,130.00000000000128,-11.320812517895737,-17.117116035233828,0.0,True
1.2.826.0.1.3680043.8.498.34826100703045042103752460066224521343,Coronal,0,0.25,160.0,4.152782527658559,-2.1103649048408926,0.0706597014414938,False
1.2.826.0.1.3680043.8.498.34826100703045042103752460066224521343,Axial,-1,0.390625,150.0,0.0521659123750684,7.017663657026452,0.005479067153694839,False
1.2.826.0.1.3680043.8.498.35127678462764233938878060108411012978,Sagittal,1,0.25,160.0,18.01024656924679,-0.33828577558463735,0.15615787424412186,False
1.2.826.0.1.3680043.8.498.35127678462764233938878060108411012978,Sagittal,0,0.41666665673256,159.99999618530302,-4.069361003240455,-12.96140590953701,0.05132620814543909,False
1.2.826.0.1.3680043.8.498.35127678462764233938878060108411012978,Coronal,1,0.25,160.0,4.340791732655475,-14.545365921824882,0.21891427886982795,False
1.2.826.0.1.3680043.8.498.35127678462764233938878060108411012978,Coronal,0,0.41666665673256,159.99999618530302,0.2885276230383269,-3.0461909896770085,0.06731245704055366,False
1.2.826.0.1.3680043.8.498.35127678462764233938878060108411012978,Axial,-1,0.234375,150.0,-0.4359593978336429,0.3012576415150825,0.0,False
1.2.826.0.1.3680043.8.498.35633121799529901420381085923067525212,Sagittal,1,0.3125,140.0,5.312199480332147,-1.3376034095882705,0.0,True
1.2.826.0.1.3680043.8.498.35633121799529901420381085923067525212,Sagittal,0,0.29166665673255,139.99999523162398,4.0398584214297415,-0.49306697283201817,0.0,True
1.2.826.0.1.3680043.8.498.35633121799529901420381085923067525212,Coronal,1,0.375,150.0,-3.318861916595413,-0.6808724000990836,0.06342040287976736,False
1.2.826.0.1.3680043.8.498.35633121799529901420381085923067525212,Coronal,0,0.1953125,150.0,-3.4778265787004603,0.642665186000213,0.052184641194846115,False
1.2.826.0.1.3680043.8.498.35633121799529901420381085923067525212,Axial,-1,0.33333334326744,160.0000047683712,-4.813410209602008,7.976402624092945,0.003038152180263709,False
1.2.826.0.1.3680043.8.498.35836928928058091851993989259747528067,Sagittal,1,0.1465,150.016,8.716075247675796,-3.174090028986673,0.07627598718483941,False
1.2.826.0.1.3680043.8.498.35836928928058091851993989259747528067,Sagittal,0,0.3906,199.9872,-2.140175342465748,1.7496845401174146,0.09374408181301686,False
1.2.826.0.1.3680043.8.498.35836928928058091851993989259747528067,Coronal,1,0.1465,150.016,-2.0803792171153153,-3.1628719423914458,0.04074083442823706,False
1.2.826.0.1.3680043.8.498.35836928928058091851993989259747528067,Coronal,0,0.1465,150.016,-3.1866036676043032,0.8816855115368759,0.024350374727068913,False
1.2.826.0.1.3680043.8.498.35836928928058091851993989259747528067,Axial,-1,0.1465,150.016,-1.5256787265918987,5.845799666205227,0.000522288527363246,False
1.2.826.0.1.3680043.8.498.35965770865730278787229040370963322662,Sagittal,1,0.5,160.0,-34.055782439205494,-16.65760163356228,0.04659365138295901,False
1.2.826.0.1.3680043.8.498.35965770865730278787229040370963322662,Sagittal,0,0.416667,160.00012800000002,-0.1676781373087845,-17.19628849108065,0.0754213460835862,False
1.2.826.0.1.3680043.8.498.35965770865730278787229040370963322662,Coronal,1,0.416667,160.00012800000002,2.2387699069565272,-4.75026786309506,0.13347089167280768,False
1.2.826.0.1.3680043.8.498.35965770865730278787229040370963322662,Axial,-1,0.416667,160.00012800000002,-0.2537387910026012,6.175873491114145,0.0,False
1.2.826.0.1.3680043.8.498.36193046155628980489031133466840036976,Sagittal,1,0.6641,170.0096,28.989656376016974,15.413955978068625,0.06959674566678453,False
1.2.826.0.1.3680043.8.498.36193046155628980489031133466840036976,Sagittal,0,0.332,169.984,5.477850844199271,-3.8834377716482757,0.04674439986626544,False
1.2.826.0.1.3680043.8.498.36193046155628980489031133466840036976,Coronal,1,0.6641,170.0096,5.888661467889906,-6.621741590214067,0.15290519877675846,False
1.2.826.0.1.3680043.8.498.36193046155628980489031133466840036976,Coronal,0,0.332,169.984,0.12197102790524128,-0.3126345068702638,0.040913122276635905,False
1.2.826.0.1.3680043.8.498.36193046155628980489031133466840036976,Axial,-1,0.332,169.984,0.5908222637376869,15.43160510210656,0.0,False
1.2.826.0.1.3680043.8.498.36599566036331923007586730435849419272,Sagittal,1,0.31124749779701,159.35871887206912,32.540037862547265,-6.378274137873941,0.23326839929681187,False
1.2.826.0.1.3680043.8.498.36599566036331923007586730435849419272,Sagittal,0,0.31124749779701,159.35871887206912,10.22015797528906,-11.96874860861848,0.17946362013071437,False
1.2.826.0.1.3680043.8.498.36599566036331923007586730435849419272,Coronal,1,0.3125,160.0,-0.8742509874496207,-4.874373997384778,0.11573044310537739,False
1.2.826.0.1.3680043.8.498.36599566036331923007586730435849419272,Axial,-1,0.3571428656578,160.0000038146944,-1.2555676596285932,12.033290594923555,0.01660442617609459,False
1.2.826.0.1.3680043.8.498.36914870739904705183135763739850515617,Sagittal,1,0.3125,160.0,6.568533359061277,-5.650788098039641,0.10453819249535823,False
1.2.826.0.1.3680043.8.498.36914870739904705183135763739850515617,Sagittal,0,0.1563,160.0512,4.0532370455616356,-13.874781139403389,0.08924571387147051,False
1.2.826.0.1.3680043.8.498.36914870739904705183135763739850515617,Coronal,1,0.3125,160.0,-7.012849414591713,-0.6020733340425366,0.12074867180215643,False
1.2.826.0.1.3680043.8.498.36914870739904705183135763739850515617,Coronal,0,0.1563,160.0512,-7.282731406203819,-1.890313024784002,0.05134311867772301,False
1.2.826.0.1.3680043.8.498.36914870739904705183135763739850515617,Axial,-1,0.3125,160.0,-4.034034844460237,3.926505008511203,0.0,False
1.2.826.0.1.3680043.8.498.37147839676713817130306478240352601535,Sagittal,1,0.2222222238779,160.000001192088,16.37804564973296,-20.73219095183982,0.08894918372039551,False
1.2.826.0.1.3680043.8.498.37147839676713817130306478240352601535,Sagittal,0,0.41666665673255,159.9999961852992,10.347265318704858,-25.670058958845356,0.09545208671410144,False
1.2.826.0.1.3680043.8.498.37147839676713817130306478240352601535,Coronal,1,0.25,160.0,0.7519444571533143,-22.678238093059434,0.08904342875153137,False
1.2.826.0.1.3680043.8.498.37147839676713817130306478240352601535,Coronal,0,0.25,160.0,1.4352033669559887,-12.781825857249771,0.05365766295900676,False
1.2.826.0.1.3680043.8.498.37147839676713817130306478240352601535,Axial,-1,0.25,160.0,-0.31600177782566163,13.308680031785372,0.0,False
1.2.826.0.1.3680043.8.498.37432328401993499374675847888297416449,Sagittal,1,0.416667,160.00012800000002,6.164544750730065,-3.4428807120342637,0.11861829846014071,False
1.2.826.0.1.3680043.8.498.37432328401993499374675847888297416449,Sagittal,0,0.416667,160.00012800000002,1.5616033721474674,6.770560989225479,0.05466327669601889,False
1.2.826.0.1.3680043.8.498.37432328401993499374675847888297416449,Coronal,1,0.416667,160.00012800000002,2.011200980035865,-4.913155744006767,0.02324200235275309,False
1.2.826.0.1.3680043.8.498.37432328401993499374675847888297416449,Coronal,0,0.416667,160.00012800000002,4.126730431909547,1.9431120130898338,0.05197513755299732,False
1.2.826.0.1.3680043.8.498.37432328401993499374675847888297416449,Axial,-1,0.5125,153.75,1.7952689573751068,9.656610792729413,0.007895319379196741,False
1.2.826.0.1.3680043.8.498.37591186611460576939009950935820113903,Sagittal,1,0.25,160.0,27.5731765938434,-7.29947770622131,0.16751610020645236,False
1.2.826.0.1.3680043.8.498.37591186611460576939009950935820113903,Sagittal,0,0.41666665673256,159.99999618530302,8.880511509300602,-9.562543453270704,0.09912821402109318,False
1.2.826.0.1.3680043.8.498.37591186611460576939009950935820113903,Coronal,1,0.234375,150.0,-1.685732476619659,-20.121437169994433,0.04492826408589312,False
1.2.826.0.1.3680043.8.498.37591186611460576939009950935820113903,Coronal,0,0.41666665673256,159.99999618530302,-7.665740592040447,5.843588519422471,0.038372392480041206,False
1.2.826.0.1.3680043.8.498.37591186611460576939009950935820113903,Axial,-1,0.46875,150.0,-4.1146466935111015,6.530954234690158,0.0,False
1.2.826.0.1.3680043.8.498.37862788793597360072184753016994526122,Sagittal,1,0.3125,165.0,6.465615344863611,-6.428283296132999,0.09654311757138612,False
1.2.826.0.1.3680043.8.498.37862788793597360072184753016994526122,Sagittal,0,0.3125,165.0,-3.2662318376486255,0.3774310172872397,0.15097974030037542,False
1.2.826.0.1.3680043.8.498.37862788793597360072184753016994526122,Coronal,1,0.3125,165.0,0.9007266059540697,-11.509721101472667,0.07358137122107267,False
1.2.826.0.1.3680043.8.498.37862788793597360072184753016994526122,Coronal,0,0.3125,165.0,-1.153395351961315,-6.106904470042984,0.044283987103707734,False
1.2.826.0.1.3680043.8.498.37862788793597360072184753016994526122,Axial,-1,0.2857142984867,160.000007152552,-2.586598549240922,6.089342258186731,0.0036461367865130434,False
1.2.826.0.1.3680043.8.498.38069035744880456154810472748123499221,Sagittal,1,0.416667,160.00012800000002,-10.690614640193191,-13.285066377381273,0.1622395134603345,False
1.2.826.0.1.3680043.8.498.38069035744880456154810472748123499221,Sagittal,0,0.416667,160.00012800000002,-0.29636318955917357,-19.335891193529257,0.16288877174486027,False
1.2.826.0.1.3680043.8.498.38069035744880456154810472748123499221,Coronal,1,0.416667,145.000116,10.920785776928007,-10.843575827802294,0.12999898925238373,False
1.2.826.0.1.3680043.8.498.38069035744880456154810472748123499221,Coronal,0,0.416667,160.00012800000002,0.96072556622516,-9.412793949792084,0.0800092407207762,False
1.2.826.0.1.3680043.8.498.38069035744880456154810472748123499221,Axial,-1,0.5125,153.75,13.016172657500148,20.651353493747408,0.08774373259052926,False
1.2.826.0.1.3680043.8.498.38306262614552497897681886368029860358,Sagittal,1,0.336538,139.999808,9.458552513798784,-10.483681740079401,0.0,True
1.2.826.0.1.3680043.8.498.38306262614552497897681886368029860358,Sagittal,0,0.3125,140.0,7.402299733661133,-7.209675810608269,0.0,True
1.2.826.0.1.3680043.8.498.38306262614552497897681886368029860358,Coronal,1,0.364583,139.99987199999998,-18.870977177744397,-0.4409978055326567,0.0,True
1.2.826.0.1.3680043.8.498.38306262614552497897681886368029860358,Coronal,0,0.324074,139.999968,-11.873454755083861,2.2244467873522153,0.0,True
1.2.826.0.1.3680043.8.498.38306262614552497897681886368029860358,Axial,-1,0.336538,139.999808,-1.3810736978795526,11.968574439613286,0.0,True
1.2.826.0.1.3680043.8.498.38528511947818361078957998546327084024,Sagittal,1,0.5625,180.0,26.409512054372918,-5.739828120992559,0.36437227494229285,False
1.2.826.0.1.3680043.8.498.38528511947818361078957998546327084024,Sagittal,0,0.703125,180.0,21.574434811237925,-12.31930878694761,0.2906383117094268,False
1.2.826.0.1.3680043.8.498.38528511947818361078957998546327084024,Coronal,1,0.5625,180.0,11.888410807734381,-7.387321497206042,0.24919433521568168,False
1.2.826.0.1.3680043.8.498.38528511947818361078957998546327084024,Coronal,0,0.703125,180.0,16.622440919822235,-17.287722201647995,0.20334536925593305,False
1.2.826.0.1.3680043.8.498.38528511947818361078957998546327084024,Axial,-1,0.5625,180.0,0.46860418286856387,19.73393234085102,0.03649594489501162,False
1.2.826.0.1.3680043.8.498.38717329577625255474350472405748992219,Sagittal,1,0.2656,169.984,15.252772441867954,-19.06035587504026,0.19173590982286637,False
1.2.826.0.1.3680043.8.498.38717329577625255474350472405748992219,Sagittal,0,0.2214,170.0352,2.4984632072574997,-24.008352318213536,0.19294719702256335,False
1.2.826.0.1.3680043.8.498.38717329577625255474350472405748992219,Coronal,1,0.25,160.0,3.462348705045329,-10.101712507049584,0.07839139299813458,False
1.2.826.0.1.3680043.8.498.38717329577625255474350472405748992219,Coronal,0,0.2083,159.9744,3.8908670186978362,-18.72474422854904,0.07102111761022101,False
1.2.826.0.1.3680043.8.498.38717329577625255474350472405748992219,Axial,-1,0.2217,170.2656,7.037661140628504,16.479910964577222,0.04418226620791854,False
1.2.826.0.1.3680043.8.498.38912715505731269998129663552068223373,Sagittal,1,0.3125,150.0,11.1020747621955,-2.778824700854212,0.08152400299003137,False
1.2.826.0.1.3680043.8.498.38912715505731269998129663552068223373,Sagittal,0,0.2840909063816,149.9999985694848,1.6804052516940073,-8.431807258652082,0.08269406980530547,False
1.2.826.0.1.3680043.8.498.38912715505731269998129663552068223373,Coronal,1,0.375,150.0,-4.972137068765917,-4.12159296133364,0.09894883074785832,False
1.2.826.0.1.3680043.8.498.38912715505731269998129663552068223373,Coronal,0,0.1953125,150.0,-5.424254835220765,-0.8907810710650166,0.0687492047334266,False
1.2.826.0.1.3680043.8.498.38912715505731269998129663552068223373,Axial,-1,0.33333334326744,160.0000047683712,-7.323897487698189,1.0848004906072115,0.005527974030933747,False
1.2.826.0.1.3680043.8.498.39068632185013624181565849012182917752,Sagittal,1,0.25,160.0,25.577648644096342,4.69556534084073,0.023556870954546505,False
1.2.826.0.1.3680043.8.498.39068632185013624181565849012182917752,Sagittal,0,0.2381,160.0032,-1.5901143962527475,26.22656876390366,0.14259461401351337,False
1.2.826.0.1.3680043.8.498.39068632185013624181565849012182917752,Coronal,1,0.3125,160.0,-5.542852549844879,18.25680162993887,0.19835865498676886,False
1.2.826.0.1.3680043.8.498.39068632185013624181565849012182917752,Axial,-1,0.293,150.016,-9.370273857868023,31.935710998307943,0.0,False
1.2.826.0.1.3680043.8.498.39399668753650041254826892657562722764,Sagittal,1,0.7031,179.9936,15.619850772360316,19.58949857606001,0.140614074121162,False
1.2.826.0.1.3680043.8.498.39399668753650041254826892657562722764,Sagittal,0,0.3516,180.0192,2.8600197861560894,15.759332493726934,0.06921958158193353,False
1.2.826.0.1.3680043.8.498.39399668753650041254826892657562722764,Coronal,1,0.3516,180.0192,9.463443742555906,23.680048286205835,0.14720543473465963,False
1.2.826.0.1.3680043.8.498.39399668753650041254826892657562722764,Coronal,0,0.3516,180.0192,-10.405284956006463,4.318002398994425,0.04715388759202732,False
1.2.826.0.1.3680043.8.498.39399668753650041254826892657562722764,Axial,-1,0.332,169.984,1.5798092602202678,2.4733741567202814,0.0,False
1.2.826.0.1.3680043.8.498.39845300426582562781355154625767485381,Sagittal,1,0.34728622436523,177.81054687499775,26.853860810497736,-5.004068849256045,0.27270821237339526,False
1.2.826.0.1.3680043.8.498.39845300426582562781355154625767485381,Sagittal,0,0.24841772019863,166.93670797347937,-0.6684839513941946,-14.523102824184974,0.17816777172945475,False
1.2.826.0.1.3680043.8.498.39845300426582562781355154625767485381,Coronal,1,0.31093749403953,198.9999961852992,-7.179674838274852,-3.989051082695137,0.3745021095801493,False
1.2.826.0.1.3680043.8.498.39845300426582562781355154625767485381,Coronal,0,0.31093749403953,198.9999961852992,-1.444774945400321,-0.18752666127827836,0.19232452940318112,False
1.2.826.0.1.3680043.8.498.39845300426582562781355154625767485381,Axial,-1,0.24857954680919,175.00000095366977,-2.625567355132796,3.722202860845603,0.0,False
1.2.826.0.1.3680043.8.498.40154708689850542672289658249059660788,Sagittal,1,0.3906,199.9872,-0.6872719604100166,-10.228085024381855,0.14965666362081909,False
1.2.826.0.1.3680043.8.498.40154708689850542672289658249059660788,Sagittal,0,0.3906,199.9872,-4.348084590024723,-11.05299762231824,0.14681935113264566,False
1.2.826.0.1.3680043.8.498.40154708689850542672289658249059660788,Coronal,1,0.3711,190.0032,4.249381428502303,-11.585327172513914,0.10065327849020078,False
1.2.826.0.1.3680043.8.498.40154708689850542672289658249059660788,Axial,-1,0.3516,180.0192,4.7720957998604066,-0.9592214263230617,0.0,False
1.2.826.0.1.3680043.8.498.40419759559020255481034237210540871312,Sagittal,1,0.25,160.0,8.19066978333808,-3.579374396521189,0.12302284710017575,False
1.2.826.0.1.3680043.8.498.40419759559020255481034237210540871312,Sagittal,0,0.16666667163372,160.0000047683712,2.2173659735379987,-16.793411374930795,0.09608680617213572,False
1.2.826.0.1.3680043.8.498.40419759559020255481034237210540871312,Coronal,1,0.3125,160.0,-4.424681279600149,-5.3378785760472525,0.11361213540483384,False
1.2.826.0.1.3680043.8.498.40419759559020255481034237210540871312,Coronal,0,0.3030303120613,160.00000476836638,-2.774184506531541,-7.865563984798597,0.057535745598133126,False
1.2.826.0.1.3680043.8.498.40419759559020255481034237210540871312,Axial,-1,0.3125,165.0,-0.053749941743959084,4.849078971897285,0.0,False
1.2.826.0.1.3680043.8.498.40627043074325458726412346974457616938,Sagittal,1,0.22499999403953,179.999995231624,17.02043047481566,-5.977590032748023,0.17902914392568836,False
1.2.826.0.1.3680043.8.498.40627043074325458726412346974457616938,Sagittal,0,0.41666665673255,179.9999957084616,14.152859784755647,-12.319190387433947,0.15374967933187011,False
1.2.826.0.1.3680043.8.498.40627043074325458726412346974457616938,Coronal,1,0.25,160.0,6.63667033574491,-9.060417353608628,0.08101712667533023,False
1.2.826.0.1.3680043.8.498.40627043074325458726412346974457616938,Coronal,0,0.25,160.0,6.630670117351983,-5.260272141043686,0.038881682885297475,False
1.2.826.0.1.3680043.8.498.40627043074325458726412346974457616938,Axial,-1,0.234375,150.0,5.938823440859151,7.559138055876264,0.0,False
1.2.826.0.1.3680043.8.498.40930045208346676628855922755791787949,Sagittal,1,0.40364583333333,154.99999999999872,12.458641796432685,-1.501899260299777,0.12862959867707457,False
1.2.826.0.1.3680043.8.498.40930045208346676628855922755791787949,Sagittal,0,0.3515625,180.0,28.539171923333363,-4.875874677966559,0.1818264285131127,False
1.2.826.0.1.3680043.8.498.40930045208346676628855922755791787949,Coronal,1,0.40364583333333,154.99999999999872,8.371652992844243,-3.905209362810229,0.11611187881544194,False
1.2.826.0.1.3680043.8.498.40930045208346676628855922755791787949,Coronal,0,0.25,160.0,10.34756184805687,-9.956187113449644,0.0965475860795717,False
1.2.826.0.1.3680043.8.498.40930045208346676628855922755791787949,Axial,-1,0.390625,150.0,0.9204858578788833,4.214703696242883,0.01242177574930603,False
1.2.826.0.1.3680043.8.498.41254472410580125134596211010943842213,Sagittal,1,0.53125,170.0,11.14993468490415,-0.783150836764027,0.12270103042556824,False
1.2.826.0.1.3680043.8.498.41254472410580125134596211010943842213,Sagittal,0,0.2125,170.0,3.7440237579946967,3.54068166279045,0.06465210930938692,False
1.2.826.0.1.3680043.8.498.41254472410580125134596211010943842213,Coronal,1,0.2415,170.016,0.8551610945629115,-3.2843975346631002,0.17346682076541386,False
1.2.826.0.1.3680043.8.498.41254472410580125134596211010943842213,Axial,-1,0.1562,149.952,-0.9116879849812246,3.8808843733237937,0.0,False
1.2.826.0.1.3680043.8.498.41600498783384864111179175518614837125,Sagittal,1,0.22499999403953,179.999995231624,13.836451618203851,-21.353545242262676,0.15574249614741598,False
1.2.826.0.1.3680043.8.498.41600498783384864111179175518614837125,Sagittal,0,0.3515625,180.0,2.6439622968497334,-33.49061332608026,0.22415209633109967,False
1.2.826.0.1.3680043.8.498.41600498783384864111179175518614837125,Coronal,1,0.25,160.0,0.2758981096175859,-29.180560319442918,0.10778609750257251,False
1.2.826.0.1.3680043.8.498.41600498783384864111179175518614837125,Coronal,0,0.22727273404598,160.00000476836993,0.39116107604603223,-23.965203296620757,0.0748871645762722,False
1.2.826.0.1.3680043.8.498.41600498783384864111179175518614837125,Axial,-1,0.22727273404598,160.00000476836993,3.176750750964127,2.213605492385023,0.0,False
1.2.826.0.1.3680043.8.498.41751049067043481681879071436091069601,Sagittal,1,0.3125,160.0,16.236314608564015,1.760385450135935,0.11262666831438461,False
1.2.826.0.1.3680043.8.498.41751049067043481681879071436091069601,Sagittal,0,0.5,160.0,-1.5975598494817262,-15.545686451046933,0.08075351478634252,False
1.2.826.0.1.3680043.8.498.41751049067043481681879071436091069601,Coronal,1,0.3125,160.0,10.11086778881186,-20.65442638394437,0.11698207482355882,False
1.2.826.0.1.3680043.8.498.41751049067043481681879071436091069601,Coronal,0,0.5,160.0,0.7320872274143255,-1.450609104012642,0.05705119263495606,False
1.2.826.0.1.3680043.8.498.41751049067043481681879071436091069601,Axial,-1,0.29296875,150.0,-2.7023492887961935,0.3510673651890617,0.0,False
1.2.826.0.1.3680043.8.498.42018683052544325209168649309206539721,Sagittal,1,0.38461538461538,159.99999999999807,2.594394641742378,-1.7848357908550077,0.13203172385200657,False
1.2.826.0.1.3680043.8.498.42018683052544325209168649309206539721,Sagittal,0,0.33333333333333,159.99999999999838,-3.5665002000562747,-13.076490666508468,0.11546213008105988,False
1.2.826.0.1.3680043.8.498.42018683052544325209168649309206539721,Coronal,1,0.5,160.0,-7.725145733969256,-6.117753047164811,0.13504239533651297,False
1.2.826.0.1.3680043.8.498.42018683052544325209168649309206539721,Coronal,0,0.3125,160.0,-8.619808740681378,-6.127761437313328,0.10838129234355653,False
1.2.826.0.1.3680043.8.498.42018683052544325209168649309206539721,Axial,-1,0.35714285714286,160.00000000000128,-3.59530797588725,13.743283546667206,0.00047624321630301836,False
1.2.826.0.1.3680043.8.498.42396216793489016293032290339618185275,Sagittal,1,0.3125,165.0,10.2115900017942,2.268703783208803,0.06616770687821194,False
1.2.826.0.1.3680043.8.498.42396216793489016293032290339618185275,Sagittal,0,0.3125,165.0,0.5252712213879995,-2.2975545487763505,0.11242963903847991,False
1.2.826.0.1.3680043.8.498.42396216793489016293032290339618185275,Coronal,1,0.31107160449028,164.24580717086783,4.103861320827949,-2.87754008544075,0.06477896854399279,False
1.2.826.0.1.3680043.8.498.42396216793489016293032290339618185275,Coronal,0,0.3030303120613,160.00000476836638,11.03568162846892,-5.608631760867801,0.06470688462810581,False
1.2.826.0.1.3680043.8.498.42396216793489016293032290339618185275,Axial,-1,0.2857142984867,160.000007152552,-0.9739710713623534,-0.10777957100191034,0.00019927952786080727,False
1.2.826.0.1.3680043.8.498.42719592405241698450757802131459694665,Sagittal,1,0.30360072851181,160.3011846542357,-5.707078018593711,-4.7027269581324775,0.07574985962575576,False
1.2.826.0.1.3680043.8.498.42719592405241698450757802131459694665,Sagittal,0,0.30360072851181,160.3011846542357,1.695500044605402,-17.782610721618568,0.14783998357903683,False
1.2.826.0.1.3680043.8.498.42719592405241698450757802131459694665,Coronal,1,0.31449162960052,161.01971435546625,-15.46179073509578,-6.358467994505097,0.10606885019641155,False
1.2.826.0.1.3680043.8.498.42719592405241698450757802131459694665,Axial,-1,0.3125,160.0,-4.576411749274341,-3.160640163663908,0.0,False
1.2.826.0.1.3680043.8.498.42965031665568825650795822006244115609,Sagittal,1,0.3711,190.0032,1.6544349069526845,4.086692453709314,0.11473194733065573,False
1.2.826.0.1.3680043.8.498.42965031665568825650795822006244115609,Sagittal,0,0.3711,190.0032,-9.88054587749885,-4.154662028534515,0.11342955975716484,False
1.2.826.0.1.3680043.8.498.42965031665568825650795822006244115609,Coronal,1,0.3711,190.0032,-5.462075815748457,-1.7549162902308133,0.15194320065309352,False
1.2.826.0.1.3680043.8.498.42965031665568825650795822006244115609,Axial,-1,0.3516,180.0192,1.8923567583032128,1.364618408801266,0.0,False
1.2.826.0.1.3680043.8.498.43300763182450509440662392516941842389,Sagittal,1,0.22,176.0,13.235304140861256,-6.180621918344411,0.1653156309778594,False
1.2.826.0.1.3680043.8.498.43300763182450509440662392516941842389,Coronal,1,0.390625,150.0,4.2652690805353615,-9.096836291499844,0.058695997803055455,False
1.2.826.0.1.3680043.8.498.43300763182450509440662392516941842389,Coronal,0,0.189732,169.999872,2.3897361121975775,-17.84566197401046,0.09507615888288723,False
1.2.826.0.1.3680043.8.498.43300763182450509440662392516941842389,Axial,-1,0.364583,139.99987199999998,-4.081340632605742,8.053174987830815,0.0,True
1.2.826.0.1.3680043.8.498.43587191909319947256183198986671106743,Sagittal,1,0.3516,180.0192,16.09871964491974,-3.221958854295094,0.2111663400516528,False
1.2.826.0.1.3680043.8.498.43587191909319947256183198986671106743,Sagittal,0,0.3516,180.0192,9.25424840721551,-16.9752903953176,0.18224269174182817,False
1.2.826.0.1.3680043.8.498.43587191909319947256183198986671106743,Coronal,1,0.3516,180.0192,-4.88386082287768,-9.831189703222583,0.17663318583567467,False
1.2.826.0.1.3680043.8.498.43587191909319947256183198986671106743,Axial,-1,0.3516,180.0192,-0.5664110988806761,2.09848700127228,0.0,False
1.2.826.0.1.3680043.8.498.44149403030093858908988179411336839587,Sagittal,1,0.366379,169.999856,15.389872060610928,-9.065881388376319,0.22800458300669357,False
1.2.826.0.1.3680043.8.498.44149403030093858908988179411336839587,Sagittal,0,0.342742,170.000032,13.387967640705918,-29.500355428889517,0.2643445598613706,False
1.2.826.0.1.3680043.8.498.44149403030093858908988179411336839587,Coronal,1,0.320565,157.07685,11.079037105017777,-29.649616166857296,0.24054504314096026,False
1.2.826.0.1.3680043.8.498.44149403030093858908988179411336839587,Axial,-1,0.379464,175.31236800000002,1.0202618329849735,4.289012069039839,0.08787557152188108,False
1.2.826.0.1.3680043.8.498.44424196147366603683090692394096032727,Sagittal,1,0.35416665673255,169.99999523162398,1.5858026570961075,-4.631363504029446,0.17295218561722858,False
1.2.826.0.1.3680043.8.498.44424196147366603683090692394096032727,Sagittal,0,0.265625,170.0,-6.653133214989863,-6.209141676429401,0.10654627539503381,False
1.2.826.0.1.3680043.8.498.44424196147366603683090692394096032727,Coronal,1,0.33203125,170.0,-2.8672120290423893,-5.236784978414442,0.1751592944870256,False
1.2.826.0.1.3680043.8.498.44424196147366603683090692394096032727,Coronal,0,0.375,150.0,1.4183154878600561,-6.787205926707891,0.05260141758407477,False
1.2.826.0.1.3680043.8.498.44424196147366603683090692394096032727,Axial,-1,0.22510793805122,162.0777153968784,3.8208803848465753,2.9123960565185776,0.0,False
1.2.826.0.1.3680043.8.498.44863396093454506630473164990623458425,Sagittal,1,0.46875,150.0,1.8508944650718195,-4.332493107741562,0.06580995153185998,False
1.2.826.0.1.3680043.8.498.44863396093454506630473164990623458425,Sagittal,0,0.390625,150.0,-3.9038807685634946,-6.6492236294240055,0.04718945176960443,False
1.2.826.0.1.3680043.8.498.44863396093454506630473164990623458425,Coronal,1,0.5,160.0,-25.493348844861217,-8.409915626689227,0.26943053890808244,False
1.2.826.0.1.3680043.8.498.44863396093454506630473164990623458425,Coronal,0,0.41666665673256,159.99999618530302,-9.715360358941304,-2.0503654238928632,0.1382079195579009,False
1.2.826.0.1.3680043.8.498.44863396093454506630473164990623458425,Axial,-1,0.46875,150.0,-17.742546483541176,5.889489242781711,0.04145601617795758,False
1.2.826.0.1.3680043.8.498.45118217412917282413100913670807141634,Sagittal,1,0.34734514355659,166.7256689071632,17.15916049903473,-11.126745077350076,0.16746434521344722,False
1.2.826.0.1.3680043.8.498.45118217412917282413100913670807141634,Sagittal,0,0.26166665554046,167.4666595458944,-3.587253991156586,-14.743351165207182,0.15627216768495,False
1.2.826.0.1.3680043.8.498.45118217412917282413100913670807141634,Coronal,1,0.341796875,175.0,-2.9043616756217165,-0.2665590511797919,0.19623179039416505,False
1.2.826.0.1.3680043.8.498.45118217412917282413100913670807141634,Coronal,0,0.3125,175.0,-1.6936216787439662,1.7138989533011184,0.1315539452495974,False
1.2.826.0.1.3680043.8.498.45118217412917282413100913670807141634,Axial,-1,0.2201704531908,154.9999990463232,4.036008552998122,2.844022416596071,0.0,False
1.2.826.0.1.3680043.8.498.45368532788186860828867663606651818835,Sagittal,1,0.2214,170.0352,16.504786217539415,-6.3995686271937755,0.22727325336903303,False
1.2.826.0.1.3680043.8.498.45368532788186860828867663606651818835,Sagittal,0,0.2214,170.0352,9.537303956492481,-19.768342056293527,0.1870501492187957,False
1.2.826.0.1.3680043.8.498.45368532788186860828867663606651818835,Coronal,1,0.25,135.0,-4.902704791980199,-23.831781100173522,0.11148117994391404,True
1.2.826.0.1.3680043.8.498.45368532788186860828867663606651818835,Coronal,0,0.25,135.0,-2.4960942945068183,-6.72813662731474,0.06381552846313032,True
1.2.826.0.1.3680043.8.498.45368532788186860828867663606651818835,Axial,-1,0.2344,150.016,13.159019843694729,23.912177326086255,0.016788344643488884,False
1.2.826.0.1.3680043.8.498.45630051398709774279703407401383545642,Sagittal,1,0.20499999821186,163.99999856948799,6.051723299137804,-3.414414861587816,0.13424841310261726,False
1.2.826.0.1.3680043.8.498.45630051398709774279703407401383545642,Sagittal,0,0.16269841790199,164.00000524520593,-1.6557014857965133,-5.5914098749493055,0.08680419449978782,False
1.2.826.0.1.3680043.8.498.45630051398709774279703407401383545642,Coronal,1,0.27838486433029,178.1663131713856,-3.4400970702157374,-4.958231130865198,0.13237448018951004,False
1.2.826.0.1.3680043.8.498.45630051398709774279703407401383545642,Coronal,0,0.27838486433029,178.1663131713856,-7.181715759949908,-0.6443853156057385,0.08915672008906605,False
1.2.826.0.1.3680043.8.498.45630051398709774279703407401383545642,Axial,-1,0.41142058372497,184.31642150878656,-3.251050278105232,3.9477028183704275,0.0,False
1.2.826.0.1.3680043.8.498.46001596547902477402837300565271742663,Sagittal,1,0.1875,150.0,18.988745517573054,-3.550968744855897,0.0571200790133658,False
1.2.826.0.1.3680043.8.498.46001596547902477402837300565271742663,Coronal,1,0.390625,150.0,-4.249493612868882,-5.483658234273658,0.04815975713131071,False
1.2.826.0.1.3680043.8.498.46001596547902477402837300565271742663,Coronal,0,0.146484,149.999616,-0.5973690699020567,14.152915358503384,0.029214991296323434,False
1.2.826.0.1.3680043.8.498.46001596547902477402837300565271742663,Axial,-1,0.364583,139.99987199999998,-3.3270861942624435,7.372118904983968,0.0,True
1.2.826.0.1.3680043.8.498.46282234455466954264170065462242039568,Sagittal,1,0.3125,160.0,20.31880964041962,-7.825445130813957,0.027679474216380173,False
1.2.826.0.1.3680043.8.498.46282234455466954264170065462242039568,Sagittal,0,0.2381,160.0032,0.47138128952998465,-5.190347391902377,0.023670969410547582,False
1.2.826.0.1.3680043.8.498.46282234455466954264170065462242039568,Coronal,1,0.3125,160.0,4.599495970032805,-9.526786593541443,0.11123315481285645,False
1.2.826.0.1.3680043.8.498.46282234455466954264170065462242039568,Axial,-1,0.292,149.504,2.1296979177741013,2.0387979891560213,0.0,False
1.2.826.0.1.3680043.8.498.46700895961751940291334058396794206479,Sagittal,1,0.375,180.0,25.108841703645332,-4.499305353958448,0.2753148370864955,False
1.2.826.0.1.3680043.8.498.46700895961751940291334058396794206479,Sagittal,0,0.29761904478073,199.99999809265054,-0.011804513281001697,-13.439935941565675,0.22920751580942977,False
1.2.826.0.1.3680043.8.498.46700895961751940291334058396794206479,Coronal,1,0.390625,200.0,9.787451378463219,-3.675937457349532,0.4401392111368909,False
1.2.826.0.1.3680043.8.498.46700895961751940291334058396794206479,Coronal,0,0.390625,200.0,2.538177704068678,-3.2129834458815787,0.19202353987171616,False
1.2.826.0.1.3680043.8.498.46700895961751940291334058396794206479,Axial,-1,1.171875,300.0,19.804507689356964,11.615277148137826,0.10963872227646809,False
1.2.826.0.1.3680043.8.498.46909729013880708074310736136355969956,Sagittal,1,0.5625,180.0,11.829408862133626,-9.097978140728314,0.17605842297443997,False
1.2.826.0.1.3680043.8.498.46909729013880708074310736136355969956,Sagittal,0,0.5625,180.0,1.0653747253082617,-21.502182273226712,0.13270662922720056,False
1.2.826.0.1.3680043.8.498.46909729013880708074310736136355969956,Coronal,1,0.5625,180.0,2.038854140746933,-14.565921403850073,0.17176012848643885,False
1.2.826.0.1.3680043.8.498.46909729013880708074310736136355969956,Coronal,0,0.5625,180.0,1.6233609116453387,-13.97420387137059,0.09317653588649533,False
1.2.826.0.1.3680043.8.498.46909729013880708074310736136355969956,Axial,-1,0.5625,180.0,-4.646324520040421,19.73139104075447,0.05085887504210174,False
1.2.826.0.1.3680043.8.498.47267174205472073784818634988669693642,Sagittal,1,0.416667,160.00012800000002,18.77478787614992,-4.190472782623514,0.17055650198750705,False
1.2.826.0.1.3680043.8.498.47267174205472073784818634988669693642,Sagittal,0,0.416667,160.00012800000002,4.722626402459149,-12.1335114984804,0.10876851739289006,False
1.2.826.0.1.3680043.8.498.47267174205472073784818634988669693642,Coronal,1,0.416667,160.00012800000002,-0.658784788617651,-13.766817696517982,0.01632110429100786,False
1.2.826.0.1.3680043.8.498.47267174205472073784818634988669693642,Coronal,0,0.416667,160.00012800000002,-5.844948051974964,-1.4225441377291386,0.057980152832199816,False
1.2.826.0.1.3680043.8.498.47267174205472073784818634988669693642,Axial,-1,0.5125,153.75,1.9066989202203293,19.39378670703681,0.045489366359026784,False
1.2.826.0.1.3680043.8.498.47666607805434428477774854287399691400,Sagittal,1,0.33854166666667,130.00000000000128,11.01218033630284,-1.1186447367653602,0.0,True
1.2.826.0.1.3680043.8.498.47666607805434428477774854287399691400,Sagittal,0,0.3515625,180.0,29.076426052701912,4.414403808071721,0.17747108562542524,False
1.2.826.0.1.3680043.8.498.47666607805434428477774854287399691400,Coronal,1,0.33854166666667,130.00000000000128,2.2098020249078516,-1.7120574586617006,0.0,True
1.2.826.0.1.3680043.8.498.47666607805434428477774854287399691400,Coronal,0,0.25,160.0,1.8289604392725352,0.7102905377377056,0.050531624566076405,False
1.2.826.0.1.3680043.8.498.47666607805434428477774854287399691400,Axial,-1,0.33854166666667,130.00000000000128,-1.9160450218535456,12.327116300674748,0.0,True
1.2.826.0.1.3680043.8.498.48033467661219494489168041469309669510,Sagittal,1,0.6641,170.0096,24.901672448759445,9.837706601941742,0.10190578928443006,False
1.2.826.0.1.3680043.8.498.48033467661219494489168041469309669510,Sagittal,0,0.332,169.984,3.8213185538412198,-14.440732708223486,0.09349136844035855,False
1.2.826.0.1.3680043.8.498.48033467661219494489168041469309669510,Coronal,1,0.3516,180.0192,11.640948681340475,-4.406620067420184,0.13394804679754113,False
1.2.826.0.1.3680043.8.498.48033467661219494489168041469309669510,Axial,-1,0.332,169.984,2.4450941242216198,8.056877454893817,0.009899409228804057,False
1.2.826.0.1.3680043.8.498.48520238688122533624681796433258211236,Sagittal,1,0.1367,139.9808,6.3813516471314,-1.1075286449146162,0.0,True
1.2.826.0.1.3680043.8.498.48520238688122533624681796433258211236,Sagittal,0,0.3906,199.9872,-2.6535333240824213,-20.27571765767016,0.13264810538105476,False
1.2.826.0.1.3680043.8.498.48520238688122533624681796433258211236,Coronal,1,0.1367,139.9808,-0.44587941178190366,-3.86674728781204,0.0,True
1.2.826.0.1.3680043.8.498.48520238688122533624681796433258211236,Coronal,0,0.1367,139.9808,-2.5717818954312173,-6.165665222146275,0.0,True
1.2.826.0.1.3680043.8.498.48520238688122533624681796433258211236,Axial,-1,0.1367,139.9808,5.010226318780901,7.6394846262914715,0.0,True
1.2.826.0.1.3680043.8.498.48829151552094424673693975665028690142,Sagittal,1,0.3125,160.0,6.655710656711928,1.1379655127196386,0.14408155749368068,False
1.2.826.0.1.3680043.8.498.48829151552094424673693975665028690142,Sagittal,0,0.3125,160.0,1.8357855700680048,-8.977350762621006,0.15865177684042475,False
1.2.826.0.1.3680043.8.498.48829151552094424673693975665028690142,Coronal,1,0.31449162960052,161.01971435546625,-8.400365241046572,-3.521946760269268,0.19961531608499594,False
1.2.826.0.1.3680043.8.498.48829151552094424673693975665028690142,Axial,-1,0.3125,160.0,-10.604349340721075,8.001602069816371,0.10160716449477314,False
1.2.826.0.1.3680043.8.498.49094276335794811195117175603556929507,Sagittal,1,0.390625,150.0,23.275878667644,-5.215296478955533,0.10855801304523338,False
1.2.826.0.1.3680043.8.498.49094276335794811195117175603556929507,Sagittal,0,0.3515625,180.0,43.51950700908689,6.705493683510633,0.3443656422379827,False
1.2.826.0.1.3680043.8.498.49094276335794811195117175603556929507,Coronal,1,0.33854166666667,130.00000000000128,11.052578588910396,-8.577654820654873,0.0,True
1.2.826.0.1.3680043.8.498.49094276335794811195117175603556929507,Coronal,0,0.25,160.0,0.6096251847717156,6.035964585852952,0.0570905820696499,False
1.2.826.0.1.3680043.8.498.49094276335794811195117175603556929507,Axial,-1,0.33854166666667,130.00000000000128,0.5442220423588249,3.735425863476447,0.0,True
1.2.826.0.1.3680043.8.498.49492260217998945587168161555623476238,Sagittal,1,0.234375,150.0,16.3074619606656,-6.939846039274613,0.06286628393732807,False
1.2.826.0.1.3680043.8.498.49492260217998945587168161555623476238,Sagittal,0,0.390625,150.0,0.7192103483078527,-7.411513807764991,0.04257000515375364,False
1.2.826.0.1.3680043.8.498.49492260217998945587168161555623476238,Coronal,1,0.46875,150.0,-7.80961873293498,-9.439587372878009,0.11111550789442448,False
1.2.826.0.1.3680043.8.498.49492260217998945587168161555623476238,Coronal,0,0.390625,150.0,-2.620503020780096,-2.194526608021341,0.025348198313314585,False
1.2.826.0.1.3680043.8.498.49492260217998945587168161555623476238,Axial,-1,0.234375,150.0,-0.011177124687549167,7.97778474672842,0.0,False
1.2.826.0.1.3680043.8.498.49850672111501136862025523789202033809,Sagittal,1,0.293,150.016,18.66794248101415,7.878739783103341,0.02996365355633701,False
1.2.826.0.1.3680043.8.498.49850672111501136862025523789202033809,Sagittal,0,0.293,150.016,-1.098622274936049,-3.7356093079244777,0.016118039635684478,False
1.2.826.0.1.3680043.8.498.49850672111501136862025523789202033809,Coronal,1,0.293,150.016,-9.315753197413068,-3.438562889707376,0.02021403091557672,False
1.2.826.0.1.3680043.8.498.49850672111501136862025523789202033809,Coronal,0,0.293,150.016,-1.8863285498104152,-1.3364099008722563,0.009810756125346431,False
1.2.826.0.1.3680043.8.498.49850672111501136862025523789202033809,Axial,-1,0.2734,139.9808,-2.794963024203209,9.860105811167031,0.0,True
1.2.826.0.1.3680043.8.498.50073674465735509400964384004695041387,Sagittal,1,0.21210396289825,162.89584350585602,21.725316259429825,13.284026554900493,0.12087496406433618,False
1.2.826.0.1.3680043.8.498.50073674465735509400964384004695041387,Sagittal,0,0.40000000596046,160.000002384184,4.253335308484649,0.8265800119983637,0.10213640491325338,False
1.2.826.0.1.3680043.8.498.50073674465735509400964384004695041387,Coronal,1,0.24993188679218,159.9564075469952,3.0852382199727955,7.459985514233825,0.060263402270779975,False
1.2.826.0.1.3680043.8.498.50073674465735509400964384004695041387,Coronal,0,0.22721080482006,159.95640659332224,5.106276617422858,8.995305549892654,0.0579849883603859,False
1.2.826.0.1.3680043.8.498.50073674465735509400964384004695041387,Axial,-1,0.25,160.0,2.8282521758401202,10.286153195261505,0.003142880167620321,False
1.2.826.0.1.3680043.8.498.50261788831539215224639813005933285052,Sagittal,1,0.416667,160.00012800000002,13.22306593570085,-3.8269542397920673,0.12540092703379346,False
1.2.826.0.1.3680043.8.498.50261788831539215224639813005933285052,Sagittal,0,0.416667,160.00012800000002,5.182047124409342,-3.009301441463174,0.08566566434259659,False
1.2.826.0.1.3680043.8.498.50261788831539215224639813005933285052,Coronal,1,0.416667,145.000116,-7.730589118091117,-12.432717238064393,0.1354556677662868,False
1.2.826.0.1.3680043.8.498.50261788831539215224639813005933285052,Coronal,0,0.384615,159.99984,-5.676748860917719,-18.333225967204296,0.06145940033681141,False
1.2.826.0.1.3680043.8.498.50261788831539215224639813005933285052,Axial,-1,0.5125,153.75,-4.794758337490205,10.961156292310976,0.0,False
1.2.826.0.1.3680043.8.498.50648934951234229265309905009982297515,Sagittal,1,0.5625,180.0,19.79918934251647,-2.5128142604056833,0.31220017118856624,False
1.2.826.0.1.3680043.8.498.50648934951234229265309905009982297515,Sagittal,0,0.5625,180.0,8.603326053380956,-6.706738078575217,0.17935228534195669,False
1.2.826.0.1.3680043.8.498.50648934951234229265309905009982297515,Coronal,1,0.5625,180.0,10.593549178194628,-3.6651743708834736,0.34595903985906185,False
1.2.826.0.1.3680043.8.498.50648934951234229265309905009982297515,Coronal,0,0.5625,180.0,11.179040401557458,3.453890702430579,0.19238181389129239,False
1.2.826.0.1.3680043.8.498.50648934951234229265309905009982297515,Axial,-1,0.5625,180.0,7.540306391101158,4.168231257816096,0.025472256960442308,False
1.2.826.0.1.3680043.8.498.50813123035221058777203670043892828582,Sagittal,1,0.3711,190.0032,7.489538928608777,-12.732210209661982,0.17436445959965574,False
1.2.826.0.1.3680043.8.498.50813123035221058777203670043892828582,Sagittal,0,0.3711,190.0032,2.7511721782079395,-16.192286800039916,0.1919277589303532,False
1.2.826.0.1.3680043.8.498.50813123035221058777203670043892828582,Coronal,1,0.3711,190.0032,-0.8822134102279081,-15.505108020870175,0.14404467128202536,False
1.2.826.0.1.3680043.8.498.50813123035221058777203670043892828582,Axial,-1,0.3711,190.0032,-1.6743113301266925,8.693863419158102,0.012700807947436221,False
1.2.826.0.1.3680043.8.498.51054592064718900209123281525185013961,Sagittal,1,0.41666666666667,160.00000000000128,8.9608588226211,-14.684205833581636,0.08535280556811786,False
1.2.826.0.1.3680043.8.498.51054592064718900209123281525185013961,Coronal,1,0.390625,142.1875,6.949299944755194,-16.132993232511573,0.06259926800635318,False
1.2.826.0.1.3680043.8.498.51054592064718900209123281525185013961,Coronal,0,0.25,160.0,3.939374775372542,-18.366865029996404,0.058479168394570236,False
1.2.826.0.1.3680043.8.498.51054592064718900209123281525185013961,Axial,-1,0.40364583333333,154.99999999999872,-1.9707640073364407,3.3813927948114215,0.0,False
1.2.826.0.1.3680043.8.498.51429653138043597611341459799295143598,Sagittal,1,0.3711,190.0032,20.213157681993582,-18.18478189548041,0.2234504109708505,False
1.2.826.0.1.3680043.8.498.51429653138043597611341459799295143598,Sagittal,0,0.3711,190.0032,7.2310173226595476,-16.80981576924299,0.19056090303588635,False
1.2.826.0.1.3680043.8.498.51429653138043597611341459799295143598,Coronal,1,0.3711,190.0032,-3.763425279824315,-24.035384960328706,0.20259516388023047,False
1.2.826.0.1.3680043.8.498.51429653138043597611341459799295143598,Axial,-1,0.3516,180.0192,-0.7158057694817923,-0.4475507113953745,0.0,False
1.2.826.0.1.3680043.8.498.51809092313496476873962641559638828608,Sagittal,1,0.3125,175.0,5.425548513534277,-1.9847971182335122,0.22569155505143934,False
1.2.826.0.1.3680043.8.498.51809092313496476873962641559638828608,Sagittal,0,0.3125,175.0,9.139611320706624,-16.186253712177212,0.2473616457212776,False
1.2.826.0.1.3680043.8.498.51809092313496476873962641559638828608,Coronal,1,0.3125,160.0,-2.6434978893058148,-1.5902872533970136,0.14133359865067185,False
1.2.826.0.1.3680043.8.498.51809092313496476873962641559638828608,Coronal,0,0.3125,160.0,-5.328905009143776,-2.7794091823756073,0.10335946744626057,False
1.2.826.0.1.3680043.8.498.51809092313496476873962641559638828608,Axial,-1,0.30714285373687,171.9999980926472,-4.597380854190544,3.9667921457782143,0.008467170437605143,False
1.2.826.0.1.3680043.8.498.51985313438970133264846259111827877590,Sagittal,1,0.1897,169.9712,-8.491003092521625,-12.969557475250626,0.11869392503580334,False
1.2.826.0.1.3680043.8.498.51985313438970133264846259111827877590,Sagittal,0,0.2125,170.0,-8.831907264542908,-11.458908889919389,0.13492966850751098,False
1.2.826.0.1.3680043.8.498.51985313438970133264846259111827877590,Coronal,1,0.2656,169.984,-4.348067937327933,-6.216464821189732,0.16047192488176598,False
1.2.826.0.1.3680043.8.498.51985313438970133264846259111827877590,Axial,-1,0.1562,149.952,4.826944194741964,1.9651433924050616,0.016291050721430445,False
1.2.826.0.1.3680043.8.498.52204390785696944340286127542242341202,Sagittal,1,0.16918103396892,173.2413787841741,6.9761769317218185,-6.963108604659789,0.18351300168740703,False
1.2.826.0.1.3680043.8.498.52204390785696944340286127542242341202,Sagittal,0,0.1699134260416,171.27273344993282,-0.9497031184941508,-12.962360245546522,0.1489794193756152,False
1.2.826.0.1.3680043.8.498.52204390785696944340286127542242341202,Coronal,1,0.24583333730697,177.0000028610184,0.2653940414212944,-1.4036020193091594,0.20044489869536464,False
1.2.826.0.1.3680043.8.498.52204390785696944340286127542242341202,Coronal,0,0.1728515625,177.0,0.28350590740157733,0.5570640484297381,0.19443758280748247,False
1.2.826.0.1.3680043.8.498.52204390785696944340286127542242341202,Axial,-1,0.16869919002056,170.0487835407245,3.460259786718811,2.588858131147421,0.0,False
1.2.826.0.1.3680043.8.498.52558822670236188507569589448789513993,Sagittal,1,0.3125,160.0,5.815917430724653,-0.11367133830311182,0.10666430874290922,False
1.2.826.0.1.3680043.8.498.52558822670236188507569589448789513993,Sagittal,0,0.3125,160.0,2.8558378140327534,-12.771752740230733,0.08242567987657445,False
1.2.826.0.1.3680043.8.498.52558822670236188507569589448789513993,Coronal,1,0.31449162960052,161.01971435546625,-3.761170406857509,-13.054473957102653,0.10190098506872902,False
1.2.826.0.1.3680043.8.498.52558822670236188507569589448789513993,Axial,-1,0.3125,160.0,-2.0103208662689287,0.5611558777918901,0.0,False
1.2.826.0.1.3680043.8.498.52985748674486376309978868177895755694,Sagittal,1,0.265625,170.0,14.943728241315604,-2.180757059189977,0.17142506007145009,False
1.2.826.0.1.3680043.8.498.52985748674486376309978868177895755694,Sagittal,0,0.26562500596046,170.00000381469442,-4.184486668307235,0.2555814999156658,0.07778275164780879,False
1.2.826.0.1.3680043.8.498.52985748674486376309978868177895755694,Coronal,1,0.265625,170.0,0.39733678732096056,13.972918832962039,0.15525742531487774,False
1.2.826.0.1.3680043.8.498.52985748674486376309978868177895755694,Coronal,0,0.265625,170.0,1.8855947387980505,6.027555279783397,0.049723308308245784,False
1.2.826.0.1.3680043.8.498.52985748674486376309978868177895755694,Axial,-1,0.265625,170.0,-1.2590487471504135,4.61168146999729,0.0,False
1.2.826.0.1.3680043.8.498.53174810138171412044410050984734412146,Sagittal,1,0.3516,180.0192,7.365126577766851,-5.171078190868309,0.3511337798807841,False
1.2.826.0.1.3680043.8.498.53174810138171412044410050984734412146,Sagittal,0,0.3516,180.0192,-0.7276140506619744,-1.6500785949337997,0.1372924160097957,False
1.2.826.0.1.3680043.8.498.53174810138171412044410050984734412146,Coronal,1,0.3711,190.0032,6.227850402781872,-4.598018783061679,0.2639295400230929,False
1.2.826.0.1.3680043.8.498.53174810138171412044410050984734412146,Coronal,0,0.3711,190.0032,5.3836162953947095,7.871824866257174,0.19325011558021266,False
1.2.826.0.1.3680043.8.498.53174810138171412044410050984734412146,Axial,-1,0.3711,190.0032,-0.7303056466490088,-2.914238956622109,0.03294823303892569,False
1.2.826.0.1.3680043.8.498.53408696789721413873026963095773050643,Sagittal,1,0.41666666666667,160.00000000000128,12.86583958241446,-2.016277018085586,0.17205999117776793,False
1.2.826.0.1.3680043.8.498.53408696789721413873026963095773050643,Sagittal,0,0.3515625,180.0,21.30038267520174,6.369413021612848,0.16883708012528742,False
1.2.826.0.1.3680043.8.498.53408696789721413873026963095773050643,Coronal,1,0.390625,150.0,6.691652312992124,-5.0165938730314945,0.09763779527559058,False
1.2.826.0.1.3680043.8.498.53408696789721413873026963095773050643,Coronal,0,0.25,160.0,4.6650694063210665,6.938051917496665,0.13604815308603246,False
1.2.826.0.1.3680043.8.498.53408696789721413873026963095773050643,Axial,-1,0.4296875,165.0,7.199142226094665,3.7727188407151138,0.0471762067826661,False
1.2.826.0.1.3680043.8.498.53884715696186989798696544661396487883,Sagittal,1,0.46875,150.0,32.59755984698914,-4.708862907206317,0.10038546514360924,False
1.2.826.0.1.3680043.8.498.53884715696186989798696544661396487883,Sagittal,0,0.4,160.0,2.0730917189714546,-6.552373962340551,0.13293429844097993,False
1.2.826.0.1.3680043.8.498.53884715696186989798696544661396487883,Coronal,1,0.46875,150.0,8.497784088208737,-11.896661577396515,0.05028278123663321,False
1.2.826.0.1.3680043.8.498.53884715696186989798696544661396487883,Coronal,0,0.390625,150.0,-5.533933672389823,-2.735706917659153,0.028607702073635166,False
1.2.826.0.1.3680043.8.498.53884715696186989798696544661396487883,Axial,-1,0.46875,150.0,13.32818449048153,26.53234182530795,0.045285554311310205,False
1.2.826.0.1.3680043.8.498.54132814503202891434380002378663763655,Sagittal,1,0.31124749779701,159.35871887206912,17.707729095172205,-11.102292438229263,0.14508132052664724,False
1.2.826.0.1.3680043.8.498.54132814503202891434380002378663763655,Sagittal,0,0.31124749779701,159.35871887206912,2.177820189623695,-3.001223190127959,0.10908085388784428,False
1.2.826.0.1.3680043.8.498.54132814503202891434380002378663763655,Coronal,1,0.3125,160.0,-0.9316731466983796,-9.837897270482667,0.11419409231881006,False
1.2.826.0.1.3680043.8.498.54132814503202891434380002378663763655,Axial,-1,0.3571428656578,160.0000038146944,3.9143131452952438,8.024612455299215,0.0,False
1.2.826.0.1.3680043.8.498.54394066317295451515247748115888976860,Sagittal,1,0.25,160.0,12.131041951664386,-8.116952032125681,0.07206213318035393,False
1.2.826.0.1.3680043.8.498.54394066317295451515247748115888976860,Sagittal,0,0.2381,160.0032,2.6815507802900043,-20.81315516655868,0.05601108157018697,False
1.2.826.0.1.3680043.8.498.54394066317295451515247748115888976860,Coronal,1,0.3125,160.0,4.822055295581098,-9.036948870591948,0.08007871631849839,False
1.2.826.0.1.3680043.8.498.54394066317295451515247748115888976860,Axial,-1,0.293,150.016,8.099055720272977,5.143220881031594,0.0,False
1.2.826.0.1.3680043.8.498.54669065204808162914386927559244866557,Sagittal,1,0.234375,150.0,14.72206623125655,-8.076082223241565,0.06479547243728423,False
1.2.826.0.1.3680043.8.498.54669065204808162914386927559244866557,Sagittal,0,0.390625,150.0,1.0319382915787156,-12.447965851016551,0.03331111357997263,False
1.2.826.0.1.3680043.8.498.54669065204808162914386927559244866557,Coronal,1,0.46875,150.0,-11.332634793108255,1.7310204105326665,0.08751683462592297,False
1.2.826.0.1.3680043.8.498.54669065204808162914386927559244866557,Coronal,0,0.390625,150.0,-6.539514070501273,-11.318019412515469,0.023333385533301,False
1.2.826.0.1.3680043.8.498.54669065204808162914386927559244866557,Axial,-1,0.234375,150.0,-0.888297917045695,15.074443665509136,0.0,False
1.2.826.0.1.3680043.8.498.55008913229055942530957507434366806883,Sagittal,1,0.416667,160.00012800000002,17.377862006104813,-0.8908625068330246,0.14673398548437988,False
1.2.826.0.1.3680043.8.498.55008913229055942530957507434366806883,Sagittal,0,0.416667,160.00012800000002,-8.704008503111643,-18.143921369635766,0.10109957238851552,False
1.2.826.0.1.3680043.8.498.55008913229055942530957507434366806883,Coronal,1,0.416667,160.00012800000002,7.083293891523221,-23.61171641019812,0.030204611886976318,False
1.2.826.0.1.3680043.8.498.55008913229055942530957507434366806883,Coronal,0,0.416667,160.00012800000002,-2.360021254613804,-18.617641496492425,0.0596826995718962,False
1.2.826.0.1.3680043.8.498.55008913229055942530957507434366806883,Axial,-1,0.5125,153.75,-1.3883216509133864,8.272324309279291,0.021766790875215825,False
1.2.826.0.1.3680043.8.498.55344075316305815718253234447285669886,Sagittal,1,0.3348214328289,150.00000190734718,35.68867101449879,-3.8993698456469477,0.0849078575795511,False
1.2.826.0.1.3680043.8.498.55344075316305815718253234447285669886,Sagittal,0,0.24705535173416,166.0211963653555,-1.9831244554652376,-7.2587461208011765,0.12358260296404622,False
1.2.826.0.1.3680043.8.498.55344075316305815718253234447285669886,Coronal,1,0.3348214328289,150.00000190734718,7.168004288537649,-7.84224260846283,0.10263980276072171,False
1.2.826.0.1.3680043.8.498.55344075316305815718253234447285669886,Coronal,0,0.29296875,150.0,2.6828071356040706,6.255982774519592,0.04619518250239618,False
1.2.826.0.1.3680043.8.498.55344075316305815718253234447285669886,Axial,-1,0.27591297030448,158.92587089538046,-0.9691439092031078,-1.307613816293271,0.0,False
1.2.826.0.1.3680043.8.498.55713753582074871470943388423906540792,Sagittal,1,0.2222222238779,160.000001192088,11.924661847743396,-3.9312607006297937,0.10031638688835931,False
1.2.826.0.1.3680043.8.498.55713753582074871470943388423906540792,Sagittal,0,0.41666665673255,159.9999961852992,3.3337514472549215,-12.892935543067518,0.0867771228293771,False
1.2.826.0.1.3680043.8.498.55713753582074871470943388423906540792,Coronal,1,0.25,160.0,-7.806511705377773,-1.646811429673491,0.06450778678285107,False
1.2.826.0.1.3680043.8.498.55713753582074871470943388423906540792,Coronal,0,0.25,160.0,-5.733308898785651,-1.0266520981438987,0.018328676938397237,False
1.2.826.0.1.3680043.8.498.55713753582074871470943388423906540792,Axial,-1,0.22321428358554,149.99999856948287,-0.7581940472240905,0.8900357347182176,0.0,False
1.2.826.0.1.3680043.8.498.55971241672517044174019654998425819738,Sagittal,1,0.336538,139.999808,10.109989235683829,-3.5145640297014618,0.0,True
1.2.826.0.1.3680043.8.498.55971241672517044174019654998425819738,Sagittal,0,0.3125,140.0,-1.4461478957077567,-8.881025574336645,0.0,True
1.2.826.0.1.3680043.8.498.55971241672517044174019654998425819738,Coronal,1,0.364583,139.99987199999998,2.256056828607627,-6.84657097706695,0.0,True
1.2.826.0.1.3680043.8.498.55971241672517044174019654998425819738,Coronal,0,0.35,140.0,4.06141008134636,-3.6375319491614473,0.0,True
1.2.826.0.1.3680043.8.498.55971241672517044174019654998425819738,Axial,-1,0.360577,150.000032,-4.2236244786913915,7.640787952237005,0.009861614940212315,False
1.2.826.0.1.3680043.8.498.56216873861595017403772627709751840588,Sagittal,1,0.1563,160.0512,7.194672444947908,-3.1846268884064584,0.0974693248378643,False
1.2.826.0.1.3680043.8.498.56216873861595017403772627709751840588,Sagittal,0,0.7813,200.0128,9.015084479566642,-15.389343887136585,0.12849698299506307,False
1.2.826.0.1.3680043.8.498.56216873861595017403772627709751840588,Coronal,1,0.1563,160.0512,-0.5278197901784121,-7.37924916657508,0.09250558669450859,False
1.2.826.0.1.3680043.8.498.56216873861595017403772627709751840588,Coronal,0,0.1563,160.0512,-0.7129395868770771,-10.906737561682132,0.05497077993162336,False
1.2.826.0.1.3680043.8.498.56216873861595017403772627709751840588,Axial,-1,0.1465,150.016,-1.101000817589135,10.936252999590236,0.0022334611337364585,False
1.2.826.0.1.3680043.8.498.56564801707939049324472369774251260607,Sagittal,1,0.46875,180.0,29.649769148472064,-3.7398531794669365,0.19795583438934705,False
1.2.826.0.1.3680043.8.498.56564801707939049324472369774251260607,Sagittal,0,0.23860377073287,183.24769592284417,-5.142844263341988,-10.050337288715085,0.14058434041765056,False
1.2.826.0.1.3680043.8.498.56564801707939049324472369774251260607,Coronal,1,0.47619047760963,160.00000047683568,-5.983855555036455,-9.968012556738195,0.1592297885435442,False
1.2.826.0.1.3680043.8.498.56564801707939049324472369774251260607,Coronal,0,0.3030303120613,160.00000476836638,0.370122599876861,-3.19424098249258,0.08982422788739297,False
1.2.826.0.1.3680043.8.498.56564801707939049324472369774251260607,Axial,-1,0.29166665673255,167.9999942779488,0.5240282351113852,4.041308106081337,0.0,False
1.2.826.0.1.3680043.8.498.56839374698050163738039760889156066445,Sagittal,1,0.25,160.0,7.051620844818245,-5.109500082455767,0.13655146417885833,False
1.2.826.0.1.3680043.8.498.56839374698050163738039760889156066445,Sagittal,0,0.24999999403954,159.9999961853056,-8.650388884313404,-10.374432747074689,0.08857616368755772,False
1.2.826.0.1.3680043.8.498.56839374698050163738039760889156066445,Coronal,1,0.25,160.0,-1.2216997362082793,-2.6381035669228083,0.12016501318958595,False
1.2.826.0.1.3680043.8.498.56839374698050163738039760889156066445,Coronal,0,0.265625,170.0,-4.659106355643683,-2.973243661999824,0.09097596008091169,False
1.2.826.0.1.3680043.8.498.56839374698050163738039760889156066445,Axial,-1,0.25,160.0,-5.37539950600636,7.395658431278477,0.0014327111952441296,False
1.2.826.0.1.3680043.8.498.56995522547527264862064392266001620445,Sagittal,1,0.31124749779701,159.35871887206912,18.40057000398366,-2.2399969367289594,0.11182748978576385,False
1.2.826.0.1.3680043.8.498.56995522547527264862064392266001620445,Sagittal,0,0.31124749779701,159.35871887206912,9.37301323987509,-10.760016796851506,0.1257496911047178,False
1.2.826.0.1.3680043.8.498.56995522547527264862064392266001620445,Coronal,1,0.3125,160.0,3.560552313890941,-12.750190168524407,0.10012823333915066,False
1.2.826.0.1.3680043.8.498.56995522547527264862064392266001620445,Axial,-1,0.3571428656578,160.0000038146944,2.2910217264488013,2.833886047714249,0.0,False
1.2.826.0.1.3680043.8.498.57491375928585600499323136123872536597,Sagittal,1,0.3125,160.0,32.10720025767493,-5.115900853710906,0.13917049491807754,False
1.2.826.0.1.3680043.8.498.57491375928585600499323136123872536597,Sagittal,0,0.38825756311416,204.99999332427646,17.566563030576443,-5.987866902777491,0.2995367839571885,False
1.2.826.0.1.3680043.8.498.57491375928585600499323136123872536597,Coronal,1,0.3125,160.0,15.421705798167409,-8.049064100632721,0.17105612959254202,False
1.2.826.0.1.3680043.8.498.57491375928585600499323136123872536597,Coronal,0,0.390625,200.0,24.53620583435201,-2.414304771688902,0.3483142171014417,False
1.2.826.0.1.3680043.8.498.57491375928585600499323136123872536597,Axial,-1,0.3125,160.0,15.244311242928,13.989221425366996,0.09197966253769663,False
1.2.826.0.1.3680043.8.498.57845032486422442404222046144765204905,Sagittal,1,0.3125,160.0,-3.587235804583866,-4.264389183029209,0.0996758164753182,False
1.2.826.0.1.3680043.8.498.57845032486422442404222046144765204905,Sagittal,0,0.3125,160.0,11.306784115436894,-16.484226357022944,0.09383643776480932,False
1.2.826.0.1.3680043.8.498.57845032486422442404222046144765204905,Coronal,1,0.3906,199.9872,3.6643030274744848,-1.4145259908377483,0.294592304196706,False
1.2.826.0.1.3680043.8.498.57845032486422442404222046144765204905,Axial,-1,0.3711,190.0032,10.263267172334224,14.278920297970538,0.06346297427543612,False
1.2.826.0.1.3680043.8.498.58280111882249056715877316026191844548,Sagittal,1,0.3516,180.0192,5.701420733863246,-11.46830651138311,0.12951916978178435,False
1.2.826.0.1.3680043.8.498.58280111882249056715877316026191844548,Sagittal,0,0.3516,180.0192,-0.14017699694876726,-15.346872291633213,0.11025105722391737,False
1.2.826.0.1.3680043.8.498.58280111882249056715877316026191844548,Coronal,1,0.3516,180.0192,-0.6310398885699365,-15.093947806043811,0.1344160527171684,False
1.2.826.0.1.3680043.8.498.58280111882249056715877316026191844548,Coronal,0,0.3516,180.0192,-0.0829815264834301,-22.148193865754397,0.12084660453776885,False
1.2.826.0.1.3680043.8.498.58280111882249056715877316026191844548,Axial,-1,0.3516,180.0192,0.9562233937303848,4.193761997908254,0.0,False
1.2.826.0.1.3680043.8.498.58522891982092784622515590012748600644,Sagittal,1,0.6641,170.0096,8.54978676004499,-12.66817768633064,0.07821286167058583,False
1.2.826.0.1.3680043.8.498.58522891982092784622515590012748600644,Sagittal,0,0.332,169.984,-4.2125234937255875,-26.966379257043137,0.07378043713122251,False
1.2.826.0.1.3680043.8.498.58522891982092784622515590012748600644,Coronal,1,0.3516,180.0192,-9.392348699929723,-29.82390788475053,0.13005387678613256,False
1.2.826.0.1.3680043.8.498.58522891982092784622515590012748600644,Coronal,0,0.332,169.984,-0.1055903199728765,-19.121700472005635,0.06155631470519207,False
1.2.826.0.1.3680043.8.498.58522891982092784622515590012748600644,Axial,-1,0.332,169.984,5.939203548065193,7.3456628894555935,0.0,False
1.2.826.0.1.3680043.8.498.58749835013162544157291112101941849646,Sagittal,1,0.35533609986305,159.19057273864638,14.90279617086517,-4.1374464508257764,0.15508257469849696,False
1.2.826.0.1.3680043.8.498.58749835013162544157291112101941849646,Sagittal,0,0.25993376970291,166.3576126098624,2.0537976498623602,-11.290432297683667,0.15403474682820895,False
1.2.826.0.1.3680043.8.498.58749835013162544157291112101941849646,Coronal,1,0.322265625,165.0,4.253015083782369,-1.0595641629039583,0.13903506681825295,False
1.2.826.0.1.3680043.8.498.58749835013162544157291112101941849646,Coronal,0,0.3125,165.0,3.2399316622548824,3.7508750427673654,0.10502764122233632,False
1.2.826.0.1.3680043.8.498.58749835013162544157291112101941849646,Axial,-1,0.23648647964,94.594591856,-5.214592538848758,11.635497896757535,0.0,True
1.2.826.0.1.3680043.8.498.59048646289883992375610835845636263714,Sagittal,1,0.31124749779701,159.35871887206912,27.712522813413127,-11.64752849012972,0.162095802835171,False
1.2.826.0.1.3680043.8.498.59048646289883992375610835845636263714,Sagittal,0,0.31124749779701,159.35871887206912,0.7163683313360277,-10.014488075979676,0.10587951225401426,False
1.2.826.0.1.3680043.8.498.59048646289883992375610835845636263714,Coronal,1,0.3125,160.0,26.257919888316152,-24.90669340982152,0.1939640838044563,False
1.2.826.0.1.3680043.8.498.59048646289883992375610835845636263714,Axial,-1,0.3571428656578,160.0000038146944,7.202795145250583,16.27944601282067,0.0008252353604931706,False
1.2.826.0.1.3680043.8.498.59449702487184611096113620550399616423,Sagittal,1,0.4715909063816,188.63636255264,29.863278791013805,-4.901912164087019,0.27981261451859685,False
1.2.826.0.1.3680043.8.498.59449702487184611096113620550399616423,Sagittal,0,0.24242424964904,170.66667175292415,-2.686045617078574,-8.041223283538077,0.11131092584809954,False
1.2.826.0.1.3680043.8.498.59449702487184611096113620550399616423,Coronal,1,0.47619047760963,160.00000047683568,-5.06628930453708,-11.806273358664079,0.16692067057030557,False
1.2.826.0.1.3680043.8.498.59449702487184611096113620550399616423,Coronal,0,0.3030303120613,160.00000476836638,-0.3207250663642681,-3.42928109738763,0.08453653327054544,False
1.2.826.0.1.3680043.8.498.59449702487184611096113620550399616423,Axial,-1,0.29166665673255,167.9999942779488,0.43025158081005027,2.1936753376519684,0.0006183565804098734,False
1.2.826.0.1.3680043.8.498.59826277112503440743678968423276737254,Sagittal,1,0.416667,160.00012800000002,6.348225402082006,-6.851309573484774,0.07303312552753549,False
1.2.826.0.1.3680043.8.498.59826277112503440743678968423276737254,Sagittal,0,0.357143,160.000064,-3.2686222695480516,-22.12295415213869,0.06882553397515878,False
1.2.826.0.1.3680043.8.498.59826277112503440743678968423276737254,Coronal,1,0.401786,180.000128,-2.5880434479690777,-10.86188165805965,0.15795672857012166,False
1.2.826.0.1.3680043.8.498.59826277112503440743678968423276737254,Axial,-1,0.416667,160.00012800000002,2.572105515398036,4.353360682980032,0.0,False
1.2.826.0.1.3680043.8.498.60064080350033586611530748685370040101,Sagittal,1,0.3571428656578,200.000004768368,6.275620248689341,-8.16771496991478,0.3852650350140757,False
1.2.826.0.1.3680043.8.498.60064080350033586611530748685370040101,Sagittal,0,0.38825756311416,204.99999332427646,15.533716856359378,-1.3608669069770656,0.3682365462648839,False
1.2.826.0.1.3680043.8.498.60064080350033586611530748685370040101,Coronal,1,0.3240740597248,259.25924777984,-1.633165901942536,0.20965664801214248,0.5101136972099753,False
1.2.826.0.1.3680043.8.498.60064080350033586611530748685370040101,Coronal,0,0.29166665673255,261.3333244323648,-3.9943284618139354,-1.9104433856360978,0.5089041671655175,False
1.2.826.0.1.3680043.8.498.60064080350033586611530748685370040101,Axial,-1,0.33430233597755,240.69768190383598,-7.3482952321778034,-8.934561900517407,0.29960049874042594,False
1.2.826.0.1.3680043.8.498.60430475172382878092821699001847797153,Sagittal,1,0.1674,149.9904,-1.2954490467792068,-15.839488401780462,0.042393363381017735,False
1.2.826.0.1.3680043.8.498.60430475172382878092821699001847797153,Sagittal,0,0.1875,150.0,-2.13871828334846,-13.633405108317945,0.04187537175594025,False
1.2.826.0.1.3680043.8.498.60430475172382878092821699001847797153,Coronal,1,0.2344,150.016,1.0016747321776025,-2.8502328760950184,0.04193665121296741,False
1.2.826.0.1.3680043.8.498.60430475172382878092821699001847797153,Axial,-1,0.25,320.0,-14.580790426056922,2.5239657015956567,0.008238745407687653,False
1.2.826.0.1.3680043.8.498.60614975796208617794180432816390721331,Sagittal,1,0.416667,160.00012800000002,8.852043646963597,-1.5791378754612362,0.11878972552193678,False
1.2.826.0.1.3680043.8.498.60614975796208617794180432816390721331,Sagittal,0,0.416667,160.00012800000002,-10.934856115669712,-6.422123191866253,0.030347108755429786,False
1.2.826.0.1.3680043.8.498.60614975796208617794180432816390721331,Coronal,1,0.416667,145.000116,2.0364852551363493,-20.835619851979825,0.16918814593450382,False
1.2.826.0.1.3680043.8.498.60614975796208617794180432816390721331,Coronal,0,0.416667,160.00012800000002,-1.0597689061312168,2.4445413857176965,0.04723658051689861,False
1.2.826.0.1.3680043.8.498.60614975796208617794180432816390721331,Axial,-1,0.5125,153.75,0.8193834724840694,4.881118891582128,0.0,False
1.2.826.0.1.3680043.8.498.61072566792285434404885416160728089641,Sagittal,1,0.22135417163372,170.00000381469698,15.399526862171117,-15.8470120007224,0.13706554329443044,False
1.2.826.0.1.3680043.8.498.61072566792285434404885416160728089641,Sagittal,0,0.33203125,170.0,5.9611227344467945,-31.748699084888838,0.15835485141581684,False
1.2.826.0.1.3680043.8.498.61072566792285434404885416160728089641,Coronal,1,0.25,160.0,-11.368178449728276,-27.734200225484855,0.15640161639705608,False
1.2.826.0.1.3680043.8.498.61072566792285434404885416160728089641,Coronal,0,0.25,160.0,-10.320789458764352,-19.563439663125777,0.10370118390466909,False
1.2.826.0.1.3680043.8.498.61072566792285434404885416160728089641,Axial,-1,0.25,160.0,-8.539449357745,4.097021206142472,0.008602491756232844,False
1.2.826.0.1.3680043.8.498.61456481310419978302697858056095086811,Sagittal,1,0.3125,160.0,7.247089328404819,-2.290903155809829,0.12708395097550673,False
1.2.826.0.1.3680043.8.498.61456481310419978302697858056095086811,Sagittal,0,0.3125,160.0,7.788702196400337,-7.555048670234896,0.1178069275354281,False
1.2.826.0.1.3680043.8.498.61456481310419978302697858056095086811,Coronal,1,0.31449162960052,161.01971435546625,-5.030489384000399,-1.7648851200519036,0.13116310849387092,False
1.2.826.0.1.3680043.8.498.61456481310419978302697858056095086811,Axial,-1,0.3125,160.0,-4.304762775654787,1.8558419322546094,0.0,False
1.2.826.0.1.3680043.8.498.61864939963243675140060416958055914981,Sagittal,1,0.6641,170.0096,13.351362329060839,0.7827943870014702,0.1109734597608043,False
1.2.826.0.1.3680043.8.498.61864939963243675140060416958055914981,Sagittal,0,0.332,169.984,9.16460885132085,-18.14953489313346,0.1331434175500864,False
1.2.826.0.1.3680043.8.498.61864939963243675140060416958055914981,Coronal,1,0.332,169.984,-3.3619948005378784,-17.59744843866726,0.0632451815329449,False
1.2.826.0.1.3680043.8.498.61864939963243675140060416958055914981,Coronal,0,0.332,169.984,-0.05965169956140358,-15.735307456140347,0.04845120614035092,False
1.2.826.0.1.3680043.8.498.61864939963243675140060416958055914981,Axial,-1,0.332,169.984,1.4211286408912716,-0.5897886040692969,0.0,False
1.2.826.0.1.3680043.8.498.62217447760619326492634156203608889396,Sagittal,1,0.3125,160.0,-23.99515250035084,-24.812210553398515,0.06549094821537171,False
1.2.826.0.1.3680043.8.498.62217447760619326492634156203608889396,Sagittal,0,0.1563,160.0512,-2.9941223773430563,-6.813018968803891,0.053731550334013445,False
1.2.826.0.1.3680043.8.498.62217447760619326492634156203608889396,Coronal,1,0.3125,160.0,1.9219924313192571,-0.5690730577611713,0.08487962294594709,False
1.2.826.0.1.3680043.8.498.62217447760619326492634156203608889396,Axial,-1,0.3125,160.0,-1.6621139164969012,3.7453893758874024,0.0,False
1.2.826.0.1.3680043.8.498.62465595376489211274225312453216559395,Sagittal,1,0.416667,160.00012800000002,20.15507339969546,3.02258051895919,0.1433284566924432,False
1.2.826.0.1.3680043.8.498.62465595376489211274225312453216559395,Sagittal,0,0.416667,160.00012800000002,2.8158637347525546,-6.86198506538884,0.148955223880597,False
1.2.826.0.1.3680043.8.498.62465595376489211274225312453216559395,Coronal,1,0.416667,160.00012800000002,3.9933283778497155,3.0872514566910403,0.1498041701568903,False
1.2.826.0.1.3680043.8.498.62465595376489211274225312453216559395,Axial,-1,0.5,160.0,-18.493016063054974,-12.214007782101163,0.3806245635039409,False
1.2.826.0.1.3680043.8.498.62928513795250694194589804784951257414,Sagittal,1,0.5,160.0,15.60728101319485,8.105134863017327,0.0749827778072174,False
1.2.826.0.1.3680043.8.498.62928513795250694194589804784951257414,Sagittal,0,0.35714286565781,160.00000381469889,-3.1617255877756065,6.248655777650108,0.04698695723955759,False
1.2.826.0.1.3680043.8.498.62928513795250694194589804784951257414,Coronal,1,0.5,160.0,-4.345169592347105,4.482858668997494,0.08415276664967097,False
1.2.826.0.1.3680043.8.498.62928513795250694194589804784951257414,Coronal,0,0.20833332836628,159.99999618530302,-1.0148037183016518,13.839188978152338,0.05300760105406355,False
1.2.826.0.1.3680043.8.498.62928513795250694194589804784951257414,Axial,-1,0.5,160.0,2.4187528693726534,7.36856247805774,0.0,False
1.2.826.0.1.3680043.8.498.63195088465290711580668024587233364997,Sagittal,1,0.5625,180.0,13.853676381666462,-13.723394606361113,0.2642883057201596,False
1.2.826.0.1.3680043.8.498.63195088465290711580668024587233364997,Sagittal,0,0.5625,180.0,6.602190205452898,-19.887932872464145,0.2044967050006461,False
1.2.826.0.1.3680043.8.498.63195088465290711580668024587233364997,Coronal,1,0.5625,180.0,2.764849019006741,-16.042860974862055,0.20526772940936033,False
1.2.826.0.1.3680043.8.498.63195088465290711580668024587233364997,Coronal,0,0.5625,180.0,0.5866202207703441,-15.273406726891055,0.08913366511781495,False
1.2.826.0.1.3680043.8.498.63195088465290711580668024587233364997,Axial,-1,0.5625,180.0,-2.09235975847292,20.28197068562525,0.10592130892091933,False
1.2.826.0.1.3680043.8.498.63377901538320536934403969965624202519,Sagittal,1,0.6640625,170.0,34.62139521129058,-1.8692129629629595,0.1166585087289933,False
1.2.826.0.1.3680043.8.498.63377901538320536934403969965624202519,Sagittal,0,0.53125,170.0,1.879382740691689,-14.290140841642007,0.13454198473282442,False
1.2.826.0.1.3680043.8.498.63377901538320536934403969965624202519,Coronal,1,0.53125,170.0,12.68489937084436,-2.7285291699435223,0.24719382283549007,False
1.2.826.0.1.3680043.8.498.63377901538320536934403969965624202519,Coronal,0,0.53125,170.0,11.578825322544553,-9.281096768028942,0.11980759191587742,False
1.2.826.0.1.3680043.8.498.63377901538320536934403969965624202519,Axial,-1,0.6640625,170.0,-20.04611849772222,3.651487787812978,0.06123530034961333,False
1.2.826.0.1.3680043.8.498.63564058504808107209753434989270686941,Sagittal,1,0.35416665673255,169.99999523162398,8.48021097082101,-7.683404328033851,0.15233307607267266,False
1.2.826.0.1.3680043.8.498.63564058504808107209753434989270686941,Sagittal,0,0.53571426868438,179.99999427795169,10.282642164620349,-13.06002994080985,0.18681073281341254,False
1.2.826.0.1.3680043.8.498.63564058504808107209753434989270686941,Coronal,1,0.375,150.0,-7.632380391001078,-15.10305530995186,0.054502188601805446,False
1.2.826.0.1.3680043.8.498.63564058504808107209753434989270686941,Coronal,0,0.33203125,170.0,2.9800473994178733,-13.39015247615182,0.08754174585309149,False
1.2.826.0.1.3680043.8.498.63564058504808107209753434989270686941,Axial,-1,0.30696535110473,162.07770538329743,-2.884776992076004,1.9328232295196754,0.0,False
1.2.826.0.1.3680043.8.498.64022112049842890696609934970222024490,Sagittal,1,0.3125,160.0,-4.484929271503306,-1.4686010148891349,0.11583240688324004,False
1.2.826.0.1.3680043.8.498.64022112049842890696609934970222024490,Sagittal,0,0.3125,160.0,-1.7755464404375232,-11.173228268376452,0.11098667263971329,False
1.2.826.0.1.3680043.8.498.64022112049842890696609934970222024490,Coronal,1,0.31449162960052,161.01971435546625,0.6334337658809883,-6.917862991225792,0.12152222188422113,False
1.2.826.0.1.3680043.8.498.64022112049842890696609934970222024490,Axial,-1,0.3125,160.0,4.61411286707575,-3.584934205283501,0.0,False
1.2.826.0.1.3680043.8.498.64286017646659573966584053755363026715,Sagittal,1,0.3125,160.0,2.341396195457115,2.3613851074193626,0.09410859867712662,False
1.2.826.0.1.3680043.8.498.64286017646659573966584053755363026715,Sagittal,0,0.1563,160.0512,-1.0641392048698088,5.813272434845829,0.08472094527871421,False
1.2.826.0.1.3680043.8.498.64286017646659573966584053755363026715,Coronal,1,0.3125,160.0,-2.2433574486568553,2.8512203099315414,0.06713102644665936,False
1.2.826.0.1.3680043.8.498.64286017646659573966584053755363026715,Axial,-1,0.3125,160.0,-1.1049063336306908,-1.0588983050847478,0.026137377341659218,False
1.2.826.0.1.3680043.8.498.64590392444259942263746282444188079724,Sagittal,1,0.509868,154.99987199999998,30.579260695656544,-7.2019670599453045,0.07846335282161943,False
1.2.826.0.1.3680043.8.498.64590392444259942263746282444188079724,Sagittal,0,0.375,150.0,0.608950914340717,-10.255645983128577,0.03322198946951249,False
1.2.826.0.1.3680043.8.498.64590392444259942263746282444188079724,Coronal,1,0.493421,149.999984,1.7341596042106904,0.31101310089043843,0.045074957239158886,False
1.2.826.0.1.3680043.8.498.64590392444259942263746282444188079724,Coronal,0,0.390625,150.0,-4.8794498978813605,-3.3670094126742045,0.03525835231190322,False
1.2.826.0.1.3680043.8.498.64590392444259942263746282444188079724,Axial,-1,0.526316,160.000064,-2.3613152238100588,6.373356887138524,0.007792280859682643,False
1.2.826.0.1.3680043.8.498.64946212153370539647301308676689632525,Sagittal,1,0.3125,160.0,7.318967163714554,-5.4686757257653795,0.12434497198800298,False
1.2.826.0.1.3680043.8.498.64946212153370539647301308676689632525,Sagittal,0,0.1563,160.0512,-2.421277059878612,-7.673757685867273,0.07905494995223561,False
1.2.826.0.1.3680043.8.498.64946212153370539647301308676689632525,Coronal,1,0.3125,160.0,3.1018179991404082,0.22036855369432118,0.12467555664711172,False
1.2.826.0.1.3680043.8.498.64946212153370539647301308676689632525,Coronal,0,0.1563,160.0512,6.620112256434788,-1.6156785055610776,0.042683948709773656,False
1.2.826.0.1.3680043.8.498.64946212153370539647301308676689632525,Axial,-1,0.3125,160.0,-1.6632387249125724,6.26897295974608,0.0,False
1.2.826.0.1.3680043.8.498.65244223225926362862970496735749098549,Sagittal,1,0.3125,160.0,7.200076152539392,-2.6329356071700527,0.09261906156639921,False
1.2.826.0.1.3680043.8.498.65244223225926362862970496735749098549,Sagittal,0,0.1563,160.0512,3.338235359569222,-9.16728573032613,0.06144087584719782,False
1.2.826.0.1.3680043.8.498.65244223225926362862970496735749098549,Coronal,1,0.3125,160.0,0.7625708925297836,-2.7247221585701187,0.1160460586617782,False
1.2.826.0.1.3680043.8.498.65244223225926362862970496735749098549,Coronal,0,0.1563,160.0512,-1.544228334369524,0.09568284406261662,0.0656154034552271,False
1.2.826.0.1.3680043.8.498.65244223225926362862970496735749098549,Axial,-1,0.3125,160.0,-2.123176036996064,0.45201770220694826,0.0,False
1.2.826.0.1.3680043.8.498.65597375829884314152221851871550349856,Sagittal,1,0.625,160.0,1.5619826270184234,-2.3120793824851127,0.12806123545980352,False
1.2.826.0.1.3680043.8.498.65597375829884314152221851871550349856,Sagittal,0,0.3125,160.0,3.0821168508817642,-2.48671011491731,0.12420942925317457,False
1.2.826.0.1.3680043.8.498.65597375829884314152221851871550349856,Coronal,1,0.625,160.0,3.3181604822372712,-2.9977858342803465,0.12043579228222734,False
1.2.826.0.1.3680043.8.498.65597375829884314152221851871550349856,Coronal,0,0.3125,160.0,5.0297405614153945,6.845685377543376,0.08218116380999896,False
1.2.826.0.1.3680043.8.498.65597375829884314152221851871550349856,Axial,-1,0.5859,149.9904,3.4401281926748934,0.20258290143375296,0.0,False
1.2.826.0.1.3680043.8.498.65809115193576546782858254430325338674,Sagittal,1,0.3125,160.0,12.203450065539432,-3.4308934233554744,0.08048535797713807,False
1.2.826.0.1.3680043.8.498.65809115193576546782858254430325338674,Sagittal,0,0.2381,160.0032,3.2371956638840387,2.3965217775975822,0.03421687095910053,False
1.2.826.0.1.3680043.8.498.65809115193576546782858254430325338674,Coronal,1,0.3125,160.0,0.11377501220106723,1.3633595446054514,0.07406472459231583,False
1.2.826.0.1.3680043.8.498.65809115193576546782858254430325338674,Axial,-1,0.293,150.016,-3.7489625003626634,8.961212072417094,0.0,False
1.2.826.0.1.3680043.8.498.66065279867975557954375204776779208827,Sagittal,1,0.25,160.0,3.2306451893698664,-6.450660901280457,0.10695850488766634,False
1.2.826.0.1.3680043.8.498.66065279867975557954375204776779208827,Sagittal,0,0.2381,160.0032,-1.4524320822870231,-1.694209880734793,0.029233264091897637,False
1.2.826.0.1.3680043.8.498.66065279867975557954375204776779208827,Coronal,1,0.3125,160.0,5.507632216239475,-3.6715490632577996,0.1054535735704415,False
1.2.826.0.1.3680043.8.498.66065279867975557954375204776779208827,Axial,-1,0.293,180.488,4.026913000718694,-5.838521239172368,0.0,False
1.2.826.0.1.3680043.8.498.66321903250295261063309947910189882952,Sagittal,1,0.33333334326744,160.0000047683712,21.42909898797989,0.9007052824465094,0.09677252401457437,False
1.2.826.0.1.3680043.8.498.66321903250295261063309947910189882952,Sagittal,0,0.3125,160.0,-2.3674010084693986,-7.17617654762944,0.09642888326202737,False
1.2.826.0.1.3680043.8.498.66321903250295261063309947910189882952,Coronal,1,0.3125,165.0,0.6364045148845143,5.3260504256444285,0.06502714740032922,False
1.2.826.0.1.3680043.8.498.66321903250295261063309947910189882952,Coronal,0,0.3125,165.0,-0.5594947984927856,13.446524706021545,0.06513943497888453,False
1.2.826.0.1.3680043.8.498.66321903250295261063309947910189882952,Axial,-1,0.3125,160.0,1.685143090490211,4.532633813920999,0.0,False
1.2.826.0.1.3680043.8.498.66694519343321893230666089565893349853,Sagittal,1,0.33854166666667,130.00000000000128,22.073844440128287,-3.352528532160881,0.0,True
1.2.826.0.1.3680043.8.498.66694519343321893230666089565893349853,Sagittal,0,0.3515625,180.0,31.49296374792506,-2.6687487031657575,0.265062050430796,False
1.2.826.0.1.3680043.8.498.66694519343321893230666089565893349853,Coronal,1,0.33854166666667,130.00000000000128,-9.797998751000815,-7.438725723051587,0.0,True
1.2.826.0.1.3680043.8.498.66694519343321893230666089565893349853,Coronal,0,0.25,160.0,-10.981177952067242,-0.2145737758684163,0.10765636451243266,False
1.2.826.0.1.3680043.8.498.66694519343321893230666089565893349853,Axial,-1,0.390625,150.0,5.081495710192341,26.41767953791938,0.05458457755137891,False
1.2.826.0.1.3680043.8.498.67181088492292316990397177612918195713,Sagittal,1,0.2214,170.0352,16.246520162707064,-3.860593954656155,0.16131598193484176,False
1.2.826.0.1.3680043.8.498.67181088492292316990397177612918195713,Sagittal,0,0.2214,170.0352,-9.352102187280643,3.4799233216341476,0.07861855959567599,False
1.2.826.0.1.3680043.8.498.67181088492292316990397177612918195713,Coronal,1,0.25,135.0,0.8586582461565371,-8.720396254410787,0.05962519170583913,True
1.2.826.0.1.3680043.8.498.67181088492292316990397177612918195713,Coronal,0,0.25,135.0,0.9008961074530077,3.2868513848155345,0.07559711967499338,True
1.2.826.0.1.3680043.8.498.67181088492292316990397177612918195713,Axial,-1,0.2344,150.016,-1.1215080977683343,25.304924760892664,0.0,False
1.2.826.0.1.3680043.8.498.67456402757136973484427155324664966595,Sagittal,1,0.1367,139.9808,8.606103412284275,-1.5546082755943573,0.0,True
1.2.826.0.1.3680043.8.498.67456402757136973484427155324664966595,Sagittal,0,0.293,150.016,14.869005098123724,-6.740770005253022,0.04405802567245398,False
1.2.826.0.1.3680043.8.498.67456402757136973484427155324664966595,Coronal,1,0.1367,139.9808,2.134742034749033,-2.8626243199485217,0.0,True
1.2.826.0.1.3680043.8.498.67456402757136973484427155324664966595,Coronal,0,0.1367,139.9808,1.440066820917512,-1.0263448276512654,0.0,True
1.2.826.0.1.3680043.8.498.67456402757136973484427155324664966595,Axial,-1,0.1367,139.9808,-2.9982725367285092,4.02014836384333,0.0,True
1.2.826.0.1.3680043.8.498.67705068860320494485379949506807098172,Sagittal,1,0.416667,160.00012800000002,7.535054742211402,-2.778499069593293,0.12209131075110458,False
1.2.826.0.1.3680043.8.498.67705068860320494485379949506807098172,Sagittal,0,0.416667,160.00012800000002,-2.8715310364927453,-10.937529353415885,0.05797302108469482,False
1.2.826.0.1.3680043.8.498.67705068860320494485379949506807098172,Coronal,1,0.416667,145.000116,2.6752289763957857,-29.197751684561894,0.1719848996622293,False
1.2.826.0.1.3680043.8.498.67705068860320494485379949506807098172,Coronal,0,0.384615,159.99984,1.7877887945406121,-14.033293324117437,0.05519219262591046,False
1.2.826.0.1.3680043.8.498.67705068860320494485379949506807098172,Axial,-1,0.5125,153.75,3.121797274275972,8.321549094006508,0.0,False
1.2.826.0.1.3680043.8.498.67902658411525109462089381503197501728,Sagittal,1,0.2222222238779,160.000001192088,13.878084081395253,-7.3541852472451925,0.11894076340849413,False
1.2.826.0.1.3680043.8.498.67902658411525109462089381503197501728,Sagittal,0,0.41666665673255,159.9999961852992,0.03279894111109564,-18.163792619259187,0.08512304051529329,False
1.2.826.0.1.3680043.8.498.67902658411525109462089381503197501728,Coronal,1,0.25,160.0,-6.777679806502235,-32.34913120151433,0.12811946383646522,False
1.2.826.0.1.3680043.8.498.67902658411525109462089381503197501728,Coronal,0,0.25,160.0,-3.244797836335067,-13.720659071678952,0.05768161489181678,False
1.2.826.0.1.3680043.8.498.67902658411525109462089381503197501728,Axial,-1,0.25,160.0,-3.4902911667112306,7.41053287518281,0.0,False
1.2.826.0.1.3680043.8.498.68131564130881160284492534203572971623,Sagittal,1,0.3125,160.0,-5.5979984959546325,6.334016924832309,0.09479289122467327,False
1.2.826.0.1.3680043.8.498.68131564130881160284492534203572971623,Sagittal,0,0.3125,160.0,2.4315973086325826,-5.622170569161629,0.11013599566687649,False
1.2.826.0.1.3680043.8.498.68131564130881160284492534203572971623,Coronal,1,0.31449162960052,161.01971435546625,-4.548427519132165,2.8729063045786503,0.12680675731355584,False
1.2.826.0.1.3680043.8.498.68131564130881160284492534203572971623,Axial,-1,0.3125,160.0,-6.806303318001339,-3.9077082596218116,0.01011911782049768,False
1.2.826.0.1.3680043.8.498.68304853223764870957854101604223809218,Sagittal,1,0.885417,170.000064,5.589484807245392,7.2942840617452696,0.06394774815827442,False
1.2.826.0.1.3680043.8.498.68304853223764870957854101604223809218,Sagittal,0,0.416667,160.00012800000002,1.8540052011671881,-3.107804743494999,0.04269903482569881,False
1.2.826.0.1.3680043.8.498.68304853223764870957854101604223809218,Coronal,1,0.416667,160.00012800000002,2.2556441138872305,1.4298845229347965,0.049421861962093194,False
1.2.826.0.1.3680043.8.498.68304853223764870957854101604223809218,Axial,-1,0.5,160.0,-0.00019615535504158288,-1.4153434783506498,0.0,False
1.2.826.0.1.3680043.8.498.68576465611266620513305434082656807028,Sagittal,1,0.484375,155.0,0.3327033461306894,-9.666949431647089,0.12664859981933152,False
1.2.826.0.1.3680043.8.498.68576465611266620513305434082656807028,Sagittal,0,0.40364584326744,155.00000381469698,-2.040080223355517,-3.7827743462460335,0.06691139400050417,False
1.2.826.0.1.3680043.8.498.68576465611266620513305434082656807028,Coronal,1,0.515625,165.0,-4.570274301513381,-4.057280449650758,0.15106713232440827,False
1.2.826.0.1.3680043.8.498.68576465611266620513305434082656807028,Coronal,0,0.4296875,165.0,-3.55985184756598,-0.026223613998006545,0.05678503432254456,False
1.2.826.0.1.3680043.8.498.68576465611266620513305434082656807028,Axial,-1,0.46875,150.0,0.6978402290456964,3.113974058704092,0.0,False
1.2.826.0.1.3680043.8.498.68806105227826942108149090508198910591,Sagittal,1,0.416667,160.00012800000002,6.753448303082313,-2.7754686679670337,0.14673593772947569,False
1.2.826.0.1.3680043.8.498.68806105227826942108149090508198910591,Sagittal,0,0.416667,160.00012800000002,-0.6196326653807693,5.812495058675047,0.10033179343080756,False
1.2.826.0.1.3680043.8.498.68806105227826942108149090508198910591,Coronal,1,0.416667,145.000116,-8.967081534487932,-14.504995349129642,0.1932241053949666,False
1.2.826.0.1.3680043.8.498.68806105227826942108149090508198910591,Coronal,0,0.384615,159.99984,-7.120034959794151,-7.686710131875203,0.06187532015772612,False
1.2.826.0.1.3680043.8.498.68806105227826942108149090508198910591,Axial,-1,0.5125,153.75,-9.206776102017042,11.506003617190848,0.03498661435023398,False
1.2.826.0.1.3680043.8.498.69156800026549034619316278954442147703,Sagittal,1,0.22727273404598,160.00000476836993,38.50279554408691,6.072433786692684,0.17632423756019266,False
1.2.826.0.1.3680043.8.498.69156800026549034619316278954442147703,Sagittal,0,0.40000000596046,160.000002384184,14.172593492292702,-19.057490657102935,0.18685433541362373,False
1.2.826.0.1.3680043.8.498.69156800026549034619316278954442147703,Coronal,1,0.25,160.0,5.505144427645618,-10.178286659626352,0.11860769014533934,False
1.2.826.0.1.3680043.8.498.69156800026549034619316278954442147703,Coronal,0,0.22727273404598,160.00000476836993,5.849245444118589,-4.719064136525102,0.09070183809885035,False
1.2.826.0.1.3680043.8.498.69156800026549034619316278954442147703,Axial,-1,0.25,160.0,2.506345918188714,16.50706885037573,0.00945971355027786,False
1.2.826.0.1.3680043.8.498.69470130842235635628917024269527211321,Sagittal,1,0.366379,169.999856,6.5453576157206,-13.813605983799972,0.10982580061763147,False
1.2.826.0.1.3680043.8.498.69470130842235635628917024269527211321,Sagittal,0,0.342742,170.000032,4.492312065661603,-33.46249308927133,0.1544706774759399,False
1.2.826.0.1.3680043.8.498.69470130842235635628917024269527211321,Coronal,1,0.320565,157.07685,-0.13425278285613904,-23.50937640136701,0.07810943437995799,False
1.2.826.0.1.3680043.8.498.69470130842235635628917024269527211321,Axial,-1,0.357143,165.000066,0.0317332809327546,11.201058426977587,0.0,False
1.2.826.0.1.3680043.8.498.69729903409900053570304330127687235813,Sagittal,1,0.22727273404598,160.00000476836993,37.02882131031829,4.747433535474949,0.1456110784298138,False
1.2.826.0.1.3680043.8.498.69729903409900053570304330127687235813,Sagittal,0,0.40000000596046,160.000002384184,11.065726821085779,-2.4495191751649634,0.1283829520926728,False
1.2.826.0.1.3680043.8.498.69729903409900053570304330127687235813,Coronal,1,0.25,160.0,8.664038567085626,0.8810718442369279,0.12491874365032718,False
1.2.826.0.1.3680043.8.498.69729903409900053570304330127687235813,Coronal,0,0.22727273404598,160.00000476836993,11.457708202614603,0.5075269612246216,0.09644438449208892,False
1.2.826.0.1.3680043.8.498.69729903409900053570304330127687235813,Axial,-1,0.25,160.0,2.475661525140154,13.953636370307322,0.0,False
1.2.826.0.1.3680043.8.498.70204818275951821519024007466988533363,Sagittal,1,0.22522519528865,162.162140607828,16.872463613041297,2.2820393322720784,0.1685028203744272,False
1.2.826.0.1.3680043.8.498.70204818275951821519024007466988533363,Sagittal,0,0.40000000596046,160.000002384184,-2.515664768765141,-12.411689927392999,0.11774601756736636,False
1.2.826.0.1.3680043.8.498.70204818275951821519024007466988533363,Coronal,1,0.25,160.0,-4.525257017346064,-5.542229348833715,0.10685741487735823,False
1.2.826.0.1.3680043.8.498.70204818275951821519024007466988533363,Coronal,0,0.22727273404598,160.00000476836993,-2.0044462192990857,0.6862035464175276,0.07427751289286755,False
1.2.826.0.1.3680043.8.498.70204818275951821519024007466988533363,Axial,-1,0.25,160.0,-6.207913950864878,6.622751629481073,0.000977688643770347,False
1.2.826.0.1.3680043.8.498.70464717849928808075676221329034929056,Sagittal,1,0.22499999403953,179.999995231624,14.310283780979619,-14.048458777174867,0.1629372381941212,False
1.2.826.0.1.3680043.8.498.70464717849928808075676221329034929056,Sagittal,0,0.3515625,180.0,-2.3598053703936617,-22.77400248396428,0.12243044201288444,False
1.2.826.0.1.3680043.8.498.70464717849928808075676221329034929056,Coronal,1,0.27083334326744,130.0000047683712,2.486277162484993,-24.53473010762557,0.0,True
1.2.826.0.1.3680043.8.498.70464717849928808075676221329034929056,Coronal,0,0.25,160.0,-3.772967288817995,-5.195329684465079,0.04413372609047994,False
1.2.826.0.1.3680043.8.498.70464717849928808075676221329034929056,Axial,-1,0.22727273404598,160.00000476836993,-0.10034246112001448,-2.2212083534612668,0.0,False
1.2.826.0.1.3680043.8.498.70829434408808897601630953382239533220,Sagittal,1,0.1875,150.0,20.845691017289813,-1.8796887107710205,0.053370786516853896,False
1.2.826.0.1.3680043.8.498.70829434408808897601630953382239533220,Coronal,1,0.390625,150.0,-9.906659580805888,-21.242773099003465,0.0591421143847487,False
1.2.826.0.1.3680043.8.498.70829434408808897601630953382239533220,Coronal,0,0.167411,150.000256,-11.257988508985903,-8.080913104838068,0.029472165733347988,False
1.2.826.0.1.3680043.8.498.70829434408808897601630953382239533220,Axial,-1,0.364583,139.99987199999998,-7.039120827792101,13.213528401016,0.0,True
1.2.826.0.1.3680043.8.498.70948162965271404678418299669321564765,Sagittal,1,0.22727273404598,160.00000476836993,20.56615184806877,7.107894542656427,0.09311710352630587,False
1.2.826.0.1.3680043.8.498.70948162965271404678418299669321564765,Sagittal,0,0.40000000596046,160.000002384184,8.806702500963596,-6.267855840749254,0.1249224262762314,False
1.2.826.0.1.3680043.8.498.70948162965271404678418299669321564765,Coronal,1,0.25,160.0,0.9070718564385629,1.6663168211875927,0.11002254715552484,False
1.2.826.0.1.3680043.8.498.70948162965271404678418299669321564765,Coronal,0,0.22727273404598,160.00000476836993,2.528057554037312,1.9074570392678023,0.09354173738109628,False
1.2.826.0.1.3680043.8.498.70948162965271404678418299669321564765,Axial,-1,0.25,160.0,5.198199509653691,15.815775360098073,0.008967208090714052,False
1.2.826.0.1.3680043.8.498.71311031275189592818091380416268522846,Sagittal,1,0.416667,160.00012800000002,22.03194726695964,4.994531786028186,0.17681130137562928,False
1.2.826.0.1.3680043.8.498.71311031275189592818091380416268522846,Sagittal,0,0.416667,160.00012800000002,8.288219880332258,-7.557734144115496,0.14405464613886687,False
1.2.826.0.1.3680043.8.498.71311031275189592818091380416268522846,Coronal,1,0.416667,160.00012800000002,-1.4342276647813552,-3.6615804333325532,0.021104541098931895,False
1.2.826.0.1.3680043.8.498.71311031275189592818091380416268522846,Coronal,0,0.416667,160.00012800000002,-3.705668718362811,3.739641064391978,0.04335726445118793,False
1.2.826.0.1.3680043.8.498.71311031275189592818091380416268522846,Axial,-1,0.5125,153.75,-0.9008267833959116,13.961349521035823,0.023509596827958834,False
1.2.826.0.1.3680043.8.498.71701484984624141610445774249629295610,Sagittal,1,0.332,169.984,7.891889868604071,-8.46725360428395,0.13918655117038492,False
1.2.826.0.1.3680043.8.498.71701484984624141610445774249629295610,Sagittal,0,0.166,169.984,-1.6438211941414709,-20.240635161983537,0.1349502403510432,False
1.2.826.0.1.3680043.8.498.71701484984624141610445774249629295610,Coronal,1,0.332,169.984,-0.935460279112806,-3.8024725641882364,0.16994140173224703,False
1.2.826.0.1.3680043.8.498.71701484984624141610445774249629295610,Coronal,0,0.166,169.984,-0.6784270658316773,0.6992947233612488,0.08407373899965931,False
1.2.826.0.1.3680043.8.498.71701484984624141610445774249629295610,Axial,-1,0.332,169.984,-1.76924305302234,7.572400446323207,0.0,False
1.2.826.0.1.3680043.8.498.71836684300308056297405632410209248276,Sagittal,1,0.1563,160.0512,4.725304983646862,-3.4756881949383702,0.11892987751947537,False
1.2.826.0.1.3680043.8.498.71836684300308056297405632410209248276,Sagittal,0,0.332,169.984,10.185721673026432,-6.667725317802124,0.12765640922648935,False
1.2.826.0.1.3680043.8.498.71836684300308056297405632410209248276,Coronal,1,0.1563,160.0512,0.14286438088826792,-3.3686945483749726,0.1023826555560231,False
1.2.826.0.1.3680043.8.498.71836684300308056297405632410209248276,Coronal,0,0.1563,160.0512,4.221736409784242,4.96715064788387,0.054067049279276524,False
1.2.826.0.1.3680043.8.498.71836684300308056297405632410209248276,Axial,-1,0.1367,139.9808,2.1270092010646726,1.798888172337963,0.0,True
1.2.826.0.1.3680043.8.498.72159028826938094045309841541333724597,Sagittal,1,0.2344,150.016,10.002454201282081,-1.5143467195903682,0.05227538849306368,False
1.2.826.0.1.3680043.8.498.72159028826938094045309841541333724597,Sagittal,0,0.2344,150.016,0.48961650918756183,-3.4468596176861546,0.021714263044096405,False
1.2.826.0.1.3680043.8.498.72159028826938094045309841541333724597,Coronal,1,0.25,160.0,1.2838249425867758,-5.098119614964901,0.08547648907927097,False
1.2.826.0.1.3680043.8.498.72159028826938094045309841541333724597,Coronal,0,0.25,160.0,2.983645321695235,0.18988648286978105,0.022764252368425053,False
1.2.826.0.1.3680043.8.498.72159028826938094045309841541333724597,Axial,-1,0.2344,150.016,-0.1795332737005011,3.5252703667419194,0.0,False
1.2.826.0.1.3680043.8.498.72313325634455670216423864504103231505,Sagittal,1,0.366379,169.999856,10.968597505185912,-3.28252155734647,0.18952832232720696,False
1.2.826.0.1.3680043.8.498.72313325634455670216423864504103231505,Sagittal,0,0.342742,170.000032,2.882426312150226,-14.845574786250427,0.08183698909901072,False
1.2.826.0.1.3680043.8.498.72313325634455670216423864504103231505,Coronal,1,0.320565,157.07685,0.4210387225051804,-22.59246143672693,0.19286953601611911,False
1.2.826.0.1.3680043.8.498.72313325634455670216423864504103231505,Axial,-1,0.357143,160.000064,-3.817127038817745,17.614428229671635,0.015863872025523973,False
1.2.826.0.1.3680043.8.498.72587440202779699193620339987034971895,Sagittal,1,0.332,169.984,13.012643212071486,-0.24003822483588194,0.17141342997811815,False
1.2.826.0.1.3680043.8.498.72587440202779699193620339987034971895,Sagittal,0,0.166,169.984,9.23813347090636,-7.39382809104898,0.15881801848279176,False
1.2.826.0.1.3680043.8.498.72587440202779699193620339987034971895,Coronal,1,0.3125,160.0,-1.803392271925981,2.1677235781976556,0.1050601611395715,False
1.2.826.0.1.3680043.8.498.72587440202779699193620339987034971895,Coronal,0,0.1563,160.0512,-1.306893072645897,3.6110053699446945,0.06288856829762346,False
1.2.826.0.1.3680043.8.498.72587440202779699193620339987034971895,Axial,-1,0.3125,160.0,0.7083568472535795,4.484815232840056,0.0,False
1.2.826.0.1.3680043.8.498.72880034930990967339546757487847803284,Sagittal,1,0.6641,170.0096,13.616523906263529,-3.534190845100926,0.2184224205145976,False
1.2.826.0.1.3680043.8.498.72880034930990967339546757487847803284,Sagittal,0,0.332,169.984,7.1902863959536205,-8.339747482941263,0.16506815542937125,False
1.2.826.0.1.3680043.8.498.72880034930990967339546757487847803284,Coronal,1,0.6641,170.0096,-2.4343321503131494,-1.0074804801670147,0.24782233100568718,False
1.2.826.0.1.3680043.8.498.72880034930990967339546757487847803284,Coronal,0,0.6641,170.0096,-1.3809029011398208,3.7225559620562123,0.22212716704828528,False
1.2.826.0.1.3680043.8.498.72880034930990967339546757487847803284,Axial,-1,0.6641,170.0096,-8.754752062903883,8.104036698450004,0.1458945275430431,False
1.2.826.0.1.3680043.8.498.73077380963620788952030569132380549826,Sagittal,1,0.22135417163372,170.00000381469698,8.447355462362276,-7.345909349753839,0.16378670758850722,False
1.2.826.0.1.3680043.8.498.73077380963620788952030569132380549826,Sagittal,0,0.39351850748062,169.99999523162785,-0.32959136334175826,-15.41513994034908,0.09505550229928172,False
1.2.826.0.1.3680043.8.498.73077380963620788952030569132380549826,Coronal,1,0.27083334326744,130.0000047683712,8.890212917238198,-14.449687719768612,0.0,True
1.2.826.0.1.3680043.8.498.73077380963620788952030569132380549826,Coronal,0,0.22727273404598,160.00000476836993,-3.843100560252673,-12.85483793040361,0.05743026049294997,False
1.2.826.0.1.3680043.8.498.73077380963620788952030569132380549826,Axial,-1,0.25,160.0,0.5201562011683478,7.6788560473111005,0.0,False
1.2.826.0.1.3680043.8.498.73254365064404586162477089636000427751,Sagittal,1,0.53125,170.0,8.171962329532759,-6.9530090263805056,0.2081377151799687,False
1.2.826.0.1.3680043.8.498.73254365064404586162477089636000427751,Sagittal,0,0.6640625,170.0,-3.3137043096955288,-3.132282204318254,0.1335189665403752,False
1.2.826.0.1.3680043.8.498.73254365064404586162477089636000427751,Coronal,1,0.53125,170.0,28.84413396370792,-6.439158832531696,0.3722125054656755,False
1.2.826.0.1.3680043.8.498.73254365064404586162477089636000427751,Coronal,0,0.44270834326744,170.00000381469698,26.472825968818757,2.3445012105946175,0.2366407061967687,False
1.2.826.0.1.3680043.8.498.73254365064404586162477089636000427751,Axial,-1,0.53125,170.0,11.548731849896292,12.297210305487457,0.020064114652083687,False
1.2.826.0.1.3680043.8.498.73511703934549662392765328175356230615,Sagittal,1,0.2214,170.0352,4.454892814680131,-2.7899541179354603,0.15030234624774008,False
1.2.826.0.1.3680043.8.498.73511703934549662392765328175356230615,Sagittal,0,0.2214,170.0352,-4.797129492364767,-14.602302686878367,0.07844214112510994,False
1.2.826.0.1.3680043.8.498.73511703934549662392765328175356230615,Coronal,1,0.25,135.0,7.500899687790465,-26.178525465335206,0.1705792162190074,True
1.2.826.0.1.3680043.8.498.73511703934549662392765328175356230615,Coronal,0,0.25,135.0,3.3929236576947375,-11.645750737438448,0.0634447994557732,True
1.2.826.0.1.3680043.8.498.73511703934549662392765328175356230615,Axial,-1,0.2344,150.016,9.307548389739706,12.861230106510368,0.013542257515598455,False
1.2.826.0.1.3680043.8.498.73792361507751648386401969571717557389,Sagittal,1,0.3516,180.0192,13.685735467751304,-15.902865276002329,0.16697656401317063,False
1.2.826.0.1.3680043.8.498.73792361507751648386401969571717557389,Sagittal,0,0.3516,180.0192,3.0654188458915756,-16.628916305830213,0.07281367200818278,False
1.2.826.0.1.3680043.8.498.73792361507751648386401969571717557389,Coronal,1,0.3516,180.0192,2.962413543090711,-7.76120224284019,0.2029798130503876,False
1.2.826.0.1.3680043.8.498.73792361507751648386401969571717557389,Coronal,0,0.3516,180.0192,3.8868769620343513,-9.287232134386652,0.10487365586604136,False
1.2.826.0.1.3680043.8.498.73792361507751648386401969571717557389,Axial,-1,0.3516,180.0192,-4.789711384713783,-4.088605580428523,0.0,False
1.2.826.0.1.3680043.8.498.74140806279409854828032496578072554031,Sagittal,1,0.25,160.0,11.79465418379256,-3.736017268366183,0.1402196017814833,False
1.2.826.0.1.3680043.8.498.74140806279409854828032496578072554031,Sagittal,0,0.25,160.0,4.6764979488068406,3.3898234818281594,0.09328017565147051,False
1.2.826.0.1.3680043.8.498.74140806279409854828032496578072554031,Coronal,1,0.2594,150.452,-6.3316591957753285,-3.513689763730849,0.17004667099377868,False
1.2.826.0.1.3680043.8.498.74140806279409854828032496578072554031,Coronal,0,0.2951,146.3696,-12.878199586858889,11.338238678320641,0.0910585345276792,False
1.2.826.0.1.3680043.8.498.74140806279409854828032496578072554031,Axial,-1,0.2344,150.016,3.4607235581232003,6.465353913604417,0.0004509878918314003,False
1.2.826.0.1.3680043.8.498.74274855596893595390880617896069524465,Sagittal,1,0.3125,160.0,13.72719491475559,2.406609935128934,0.07184360335976225,False
1.2.826.0.1.3680043.8.498.74274855596893595390880617896069524465,Sagittal,0,0.5,160.0,-1.4660736794539417,-29.462232739553357,0.09848502865840603,False
1.2.826.0.1.3680043.8.498.74274855596893595390880617896069524465,Coronal,1,0.234375,150.0,-0.4725070853222002,4.409968462325269,0.046221161495624496,False
1.2.826.0.1.3680043.8.498.74274855596893595390880617896069524465,Coronal,0,0.5,160.0,-0.3929789114787212,-17.409268847076653,0.05435029675464076,False
1.2.826.0.1.3680043.8.498.74274855596893595390880617896069524465,Axial,-1,0.234375,150.0,4.60627048929195,-0.3879872430221498,0.0,False
1.2.826.0.1.3680043.8.498.74622912009754642425258484521795653023,Sagittal,1,0.283,181.11999999999998,17.857868736108458,-6.993943197711194,0.19624297080380926,False
1.2.826.0.1.3680043.8.498.74622912009754642425258484521795653023,Sagittal,0,0.2695,181.104,3.340927223116838,-7.189441155016031,0.18281101614434947,False
1.2.826.0.1.3680043.8.498.74622912009754642425258484521795653023,Coronal,1,0.3516,180.0192,-0.03025205398888778,-1.2926859822977619,0.14508042461846093,False
1.2.826.0.1.3680043.8.498.74622912009754642425258484521795653023,Axial,-1,0.3516,180.0192,11.15539259427532,-0.4655385279418463,0.00011358473421174686,False
1.2.826.0.1.3680043.8.498.74952769952682175467667812958859010329,Sagittal,1,0.5,160.0,-2.1795605105832863,-15.310421715947655,0.14264016804007107,False
1.2.826.0.1.3680043.8.498.74952769952682175467667812958859010329,Sagittal,0,0.416667,160.00012800000002,-0.4500345506591235,-8.240423718041262,0.05964365763780721,False
1.2.826.0.1.3680043.8.498.74952769952682175467667812958859010329,Coronal,1,0.416667,160.00012800000002,3.2937226648534867,-12.801756989942009,0.18590171225261287,False
1.2.826.0.1.3680043.8.498.74952769952682175467667812958859010329,Axial,-1,0.416667,160.00012800000002,-8.164093254800104,-9.546821027414088,0.0,False
1.2.826.0.1.3680043.8.498.75418637314688036152637525301534342254,Sagittal,1,0.3125,160.0,18.701961383649532,0.5399622044702035,0.13738271537098345,False
1.2.826.0.1.3680043.8.498.75418637314688036152637525301534342254,Sagittal,0,0.3125,160.0,10.707502549571792,-16.407037687306605,0.08345212020072079,False
1.2.826.0.1.3680043.8.498.75418637314688036152637525301534342254,Coronal,1,0.31449162960052,161.01971435546625,-4.814988263802986,-12.377808962527148,0.0754795729994382,False
1.2.826.0.1.3680043.8.498.75418637314688036152637525301534342254,Axial,-1,0.3125,160.0,-1.644105447018429,0.956538894080321,0.0,False
1.2.826.0.1.3680043.8.498.75627574440860942023321071382766359827,Sagittal,1,0.3125,160.0,21.77328931770285,4.055662576103494,0.09931506849315064,False
1.2.826.0.1.3680043.8.498.75627574440860942023321071382766359827,Sagittal,0,0.5,160.0,9.61400118523099,-15.965293344670329,0.08814511349875032,False
1.2.826.0.1.3680043.8.498.75627574440860942023321071382766359827,Coronal,1,0.29296875,150.0,-6.568437157835103,6.169108835493481,0.0022747334827187826,False
1.2.826.0.1.3680043.8.498.75627574440860942023321071382766359827,Coronal,0,0.5,160.0,3.600169510679166,-3.350209063170979,0.04850265566730705,False
1.2.826.0.1.3680043.8.498.75627574440860942023321071382766359827,Axial,-1,0.234375,150.0,2.1025036054891855,0.3753958254662093,0.0,False
1.2.826.0.1.3680043.8.498.75893915698353338311947268382839152877,Sagittal,1,0.3125,160.0,3.573669005365243,-0.02782363461274251,0.011335809602421199,False
1.2.826.0.1.3680043.8.498.75893915698353338311947268382839152877,Sagittal,0,0.25,160.0,-0.5831976498187004,4.3717228414270295,0.030459163725369387,False
1.2.826.0.1.3680043.8.498.75893915698353338311947268382839152877,Coronal,1,0.3125,160.0,1.9467908976300485,-2.4947222820112724,0.017672788210966517,False
1.2.826.0.1.3680043.8.498.75893915698353338311947268382839152877,Coronal,0,0.4545,159.984,1.5742640074449612,5.216000802259156,0.03395160772736028,False
1.2.826.0.1.3680043.8.498.75893915698353338311947268382839152877,Axial,-1,0.3125,160.0,7.27953827247191,-3.418519375638409,0.0,False
1.2.826.0.1.3680043.8.498.76125027090596913549224250979076533606,Sagittal,1,0.2214,170.0352,7.606577949893346,-4.554816573907037,0.1976054306879932,False
1.2.826.0.1.3680043.8.498.76125027090596913549224250979076533606,Sagittal,0,0.2214,170.0352,1.0800792307932499,-11.1970814090157,0.12070364936159583,False
1.2.826.0.1.3680043.8.498.76125027090596913549224250979076533606,Coronal,1,0.25,135.0,-2.893272260793367,-3.533401722220347,0.1216507701122308,True
1.2.826.0.1.3680043.8.498.76125027090596913549224250979076533606,Coronal,0,0.25,135.0,-3.0066318892111923,-0.9305087697410102,0.09054614640840897,True
1.2.826.0.1.3680043.8.498.76125027090596913549224250979076533606,Axial,-1,0.2344,150.016,-7.272604960125392,8.344107297284843,0.0,False
1.2.826.0.1.3680043.8.498.76538737802277241976971950690663079376,Sagittal,1,0.5625,180.0,3.3308722569951215,-14.331594344523893,0.15177754137700705,False
1.2.826.0.1.3680043.8.498.76538737802277241976971950690663079376,Coronal,1,0.5625,180.0,3.573195752167166,-4.257288984333542,0.1921844593399249,False
1.2.826.0.1.3680043.8.498.76538737802277241976971950690663079376,Coronal,0,0.5625,180.0,2.7197481489488116,1.198629951899699,0.08341890504242555,False
1.2.826.0.1.3680043.8.498.76538737802277241976971950690663079376,Axial,-1,0.58125001192093,186.00000381469758,-6.115653496641238,5.933503153244511,0.0,False
1.2.826.0.1.3680043.8.498.76862911430418639277808760660745763387,Sagittal,1,0.2214,170.0352,9.606301274215268,1.669758100637582,0.16054672907464784,False
1.2.826.0.1.3680043.8.498.76862911430418639277808760660745763387,Sagittal,0,0.2214,170.0352,1.2884992931879693,-8.42520390722177,0.08399795126948129,False
1.2.826.0.1.3680043.8.498.76862911430418639277808760660745763387,Coronal,1,0.25,135.0,-4.9921875,-14.154560951272245,0.12043177282554463,True
1.2.826.0.1.3680043.8.498.76862911430418639277808760660745763387,Coronal,0,0.25,135.0,-3.5316759632658687,-11.421596062764607,0.06807246322189975,True
1.2.826.0.1.3680043.8.498.76862911430418639277808760660745763387,Axial,-1,0.2344,150.016,-2.2531270426884986,11.808601360408678,0.007831482004195256,False
1.2.826.0.1.3680043.8.498.77150650601457686196626648868552167695,Sagittal,1,0.1875,150.0,13.047259988999055,5.153440263458531,0.07429398850072166,False
1.2.826.0.1.3680043.8.498.77150650601457686196626648868552167695,Coronal,1,0.390625,150.0,-15.915713843936775,-20.370496056370225,0.11639831477187368,False
1.2.826.0.1.3680043.8.498.77150650601457686196626648868552167695,Coronal,0,0.167411,150.000256,-13.111591190806388,-11.593296312004263,0.07526981205677308,False
1.2.826.0.1.3680043.8.498.77150650601457686196626648868552167695,Axial,-1,0.364583,139.99987199999998,-7.241142066582512,6.278848386831226,0.0,True
1.2.826.0.1.3680043.8.498.77299727102400166279263320763707637485,Sagittal,1,0.3125,160.0,3.654753154695225,-6.434476454230618,0.09803297146984058,False
1.2.826.0.1.3680043.8.498.77299727102400166279263320763707637485,Sagittal,0,0.1563,160.0512,-0.42563730873373573,-13.253031676665975,0.06566543750653353,False
1.2.826.0.1.3680043.8.498.77299727102400166279263320763707637485,Coronal,1,0.3125,160.0,2.5776734511875787,-0.6840276601869455,0.1165334597670008,False
1.2.826.0.1.3680043.8.498.77299727102400166279263320763707637485,Coronal,0,0.1563,160.0512,1.2861871233599025,-6.172648436508971,0.05233033524121011,False
1.2.826.0.1.3680043.8.498.77299727102400166279263320763707637485,Axial,-1,0.293,150.016,-0.6728037271905905,0.6609775389058257,0.0,False
1.2.826.0.1.3680043.8.498.77498121906981512168120474112422492971,Sagittal,1,0.3125,160.0,11.132471020580734,-2.7415289080346117,0.13468085573712885,False
1.2.826.0.1.3680043.8.498.77498121906981512168120474112422492971,Sagittal,0,0.1563,160.0512,5.0404090557591665,-10.86506748957838,0.1198090068917923,False
1.2.826.0.1.3680043.8.498.77498121906981512168120474112422492971,Coronal,1,0.3125,160.0,-9.219795468369831,-4.813146289537711,0.1529408653337565,False
1.2.826.0.1.3680043.8.498.77498121906981512168120474112422492971,Coronal,0,0.1563,160.0512,-1.3577869755555838,-1.863537749754697,0.07938236594386516,False
1.2.826.0.1.3680043.8.498.77498121906981512168120474112422492971,Axial,-1,0.3125,160.0,-4.15186831053016,5.998503108261879,0.0,False
1.2.826.0.1.3680043.8.498.77628479664122209492622263818114972176,Sagittal,1,0.2214,170.0352,2.8806198963696703,-4.547609865324182,0.17624243283244434,False
1.2.826.0.1.3680043.8.498.77628479664122209492622263818114972176,Sagittal,0,0.2214,170.0352,-8.675303712413738,-4.358059419546095,0.10090431229914554,False
1.2.826.0.1.3680043.8.498.77628479664122209492622263818114972176,Coronal,1,0.25,135.0,-6.063288625561562,-4.336248019619333,0.11431299780801707,True
1.2.826.0.1.3680043.8.498.77628479664122209492622263818114972176,Coronal,0,0.25,135.0,-5.082041043351211,-5.050249879626094,0.07812404876941892,True
1.2.826.0.1.3680043.8.498.77628479664122209492622263818114972176,Axial,-1,0.2344,150.016,0.8864049899873602,1.5244983695421994,0.0,False
1.2.826.0.1.3680043.8.498.77893704208186903913532950495036889026,Sagittal,1,0.3125,175.0,8.885943388592175,-14.996642659514619,0.19840003699336428,False
1.2.826.0.1.3680043.8.498.77893704208186903913532950495036889026,Sagittal,0,0.3125,175.0,4.594610485017814,-7.43671423717295,0.20303670983249644,False
1.2.826.0.1.3680043.8.498.77893704208186903913532950495036889026,Coronal,1,0.3125,160.0,-2.179063842661666,3.1026249735869804,0.12802469056751165,False
1.2.826.0.1.3680043.8.498.77893704208186903913532950495036889026,Coronal,0,0.3125,160.0,-0.19589436956235495,3.566309443382547,0.09553783284998685,False
1.2.826.0.1.3680043.8.498.77893704208186903913532950495036889026,Axial,-1,0.30714285373687,171.9999980926472,1.0035605701054504,-4.164513233339397,0.0,False
1.2.826.0.1.3680043.8.498.78198993378521219839327914679211902952,Sagittal,1,0.35416665673255,169.99999523162398,6.728154519085564,-2.595657575459217,0.16897844256598216,False
1.2.826.0.1.3680043.8.498.78198993378521219839327914679211902952,Sagittal,0,0.265625,170.0,1.0523041560591588,-10.39029489383666,0.1707901613625098,False
1.2.826.0.1.3680043.8.498.78198993378521219839327914679211902952,Coronal,1,0.33203125,170.0,-2.0979599377528526,-0.16199469934392363,0.1616416480357713,False
1.2.826.0.1.3680043.8.498.78198993378521219839327914679211902952,Coronal,0,0.33203125,170.0,-2.457886580966555,4.49074480001718,0.12787987389183797,False
1.2.826.0.1.3680043.8.498.78198993378521219839327914679211902952,Axial,-1,0.30696535110473,162.07770538329743,-2.0258047404891992,1.0851526784547365,0.0,False
1.2.826.0.1.3680043.8.498.78521396404736679127326025240279747196,Sagittal,1,0.33333334326744,160.0000047683712,1.1395429176179512,-3.5794061380930193,0.11124711002311982,False
1.2.826.0.1.3680043.8.498.78521396404736679127326025240279747196,Sagittal,0,0.3125,160.0,-8.942568681480436,-8.42512820739275,0.09922162951448998,False
1.2.826.0.1.3680043.8.498.78521396404736679127326025240279747196,Coronal,1,0.35879629850387,155.00000095367184,-0.6182002325417447,-3.6660535839394215,0.09204164059389042,False
1.2.826.0.1.3680043.8.498.78521396404736679127326025240279747196,Coronal,0,0.302734375,155.0,-1.814773620238873,0.2814493646436961,0.052998900262245185,False
1.2.826.0.1.3680043.8.498.78521396404736679127326025240279747196,Axial,-1,0.41249999403953,164.99999761581202,-2.1099195515739755,-0.13044259027293775,0.0,False
1.2.826.0.1.3680043.8.498.78812661021494224637586904573732040856,Sagittal,1,0.36458384990692,175.0002479553216,8.603521074359554,-4.127979444844693,0.2071085140313712,False
1.2.826.0.1.3680043.8.498.78812661021494224637586904573732040856,Sagittal,0,0.17089867591857,175.00024414061568,4.850288384433603,-11.932198168652214,0.2060248856150717,False
1.2.826.0.1.3680043.8.498.78812661021494224637586904573732040856,Coronal,1,0.322265625,165.0,0.12642219689004808,-6.126078284040345,0.2514983442026777,False
1.2.826.0.1.3680043.8.498.78812661021494224637586904573732040856,Coronal,0,0.322265625,165.0,-8.534039521816648,-2.240103386729527,0.16703261957877358,False
1.2.826.0.1.3680043.8.498.78812661021494224637586904573732040856,Axial,-1,0.34378936886787,165.0188970565776,-5.624301208860442,2.986171383530549,0.013239957077043507,False
1.2.826.0.1.3680043.8.498.79165531588966776246377098630025444815,Sagittal,1,0.35416665673255,169.99999523162398,13.065010153811414,-4.238865444734639,0.15555470543228767,False
1.2.826.0.1.3680043.8.498.79165531588966776246377098630025444815,Sagittal,0,0.3035714328289,170.000002384184,6.1217729366135245,-12.29502877891547,0.16156340373323985,False
1.2.826.0.1.3680043.8.498.79165531588966776246377098630025444815,Coronal,1,0.33203125,170.0,6.129000462326719,-6.309055582777068,0.1496948602080408,False
1.2.826.0.1.3680043.8.498.79165531588966776246377098630025444815,Coronal,0,0.33203125,170.0,6.880922038000691,-7.133577526818222,0.10422202539120162,False
1.2.826.0.1.3680043.8.498.79165531588966776246377098630025444815,Axial,-1,0.30696535110473,162.07770538329743,-0.5773410645931406,6.333988291677507,0.0,False
1.2.826.0.1.3680043.8.498.79341955397030543255969676347554165142,Sagittal,1,0.33156809210777,169.76286315917824,33.21361803498842,-4.244177373408276,0.2517989840043663,False
1.2.826.0.1.3680043.8.498.79341955397030543255969676347554165142,Sagittal,0,0.3215205669403,169.76285934447841,-4.041695944805855,-13.478285897646682,0.2061753069298854,False
1.2.826.0.1.3680043.8.498.79341955397030543255969676347554165142,Coronal,1,0.35879629850387,155.00000095367184,-7.011469220191357,-6.861733680627931,0.13014085604628967,False
1.2.826.0.1.3680043.8.498.79341955397030543255969676347554165142,Coronal,0,0.302734375,155.0,0.2817415780012056,-0.20717508744584612,0.07160754010069081,False
1.2.826.0.1.3680043.8.498.79341955397030543255969676347554165142,Axial,-1,0.3862164914608,166.8455243110656,-0.3568022065107855,8.847385708786511,0.02054777451029255,False
1.2.826.0.1.3680043.8.498.79725520325008084984331823107016254775,Sagittal,1,0.3182438313961,178.216545581816,5.8473173142471095,-4.1289969249061595,0.22603013932890814,False
1.2.826.0.1.3680043.8.498.79725520325008084984331823107016254775,Sagittal,0,0.25638532638549,184.5974349975528,-3.8315069868921303,-12.559686816214242,0.23945521476613973,False
1.2.826.0.1.3680043.8.498.79725520325008084984331823107016254775,Coronal,1,0.3348214328289,150.00000190734718,-7.0991625798105416,-13.199266611867051,0.09631319014881778,False
1.2.826.0.1.3680043.8.498.79725520325008084984331823107016254775,Coronal,0,0.26028889417648,166.5848922729472,6.299817539277083,1.8235677840710542,0.11286674206639613,False
1.2.826.0.1.3680043.8.498.79725520325008084984331823107016254775,Axial,-1,0.23022486269474,180.49629235267616,3.352614569022053,2.1313726043679413,0.020371931644994956,False
1.2.826.0.1.3680043.8.498.80192355832283305029770183988436644845,Sagittal,1,0.293,150.016,27.69581152366617,-5.83805807827396,0.06575514300050178,False
1.2.826.0.1.3680043.8.498.80192355832283305029770183988436644845,Sagittal,0,0.2734,139.9808,12.454659113164034,-5.36777040186449,0.0,True
1.2.826.0.1.3680043.8.498.80192355832283305029770183988436644845,Coronal,1,0.6641,170.0096,3.1078255889948947,-7.533595483054863,0.12256891371949608,False
1.2.826.0.1.3680043.8.498.80192355832283305029770183988436644845,Coronal,0,0.332,169.984,6.363246225942946,-3.072438782474184,0.08986760089176027,False
1.2.826.0.1.3680043.8.498.80192355832283305029770183988436644845,Axial,-1,0.293,150.016,-1.3627826781417107,11.795205888843345,0.0,False
1.2.826.0.1.3680043.8.498.80391378873630377472192017862302619947,Sagittal,1,0.416667,160.00012800000002,2.7500880111983568,-4.900784801905003,0.09813575320719092,False
1.2.826.0.1.3680043.8.498.80391378873630377472192017862302619947,Sagittal,0,0.416667,160.00012800000002,-4.715081604459269,-10.653130921582393,0.04749921972534332,False
1.2.826.0.1.3680043.8.498.80391378873630377472192017862302619947,Coronal,1,0.416667,145.000116,-1.0097191541955952,-13.746644458271136,0.1463430462716594,False
1.2.826.0.1.3680043.8.498.80391378873630377472192017862302619947,Coronal,0,0.416667,160.00012800000002,2.1946290693022434,-0.5153882171470164,0.055712569175311866,False
1.2.826.0.1.3680043.8.498.80391378873630377472192017862302619947,Axial,-1,0.5125,153.75,-1.895673568507163,3.088078881220175,0.0,False
1.2.826.0.1.3680043.8.498.80642348849062865125509773837278900750,Sagittal,1,0.3571428656578,160.0000038146944,16.327945451619364,-6.357137397225369,0.11997101980604219,False
1.2.826.0.1.3680043.8.498.80642348849062865125509773837278900750,Sagittal,0,0.3058747947216,146.819901466368,3.867440019241211,-9.486687271839518,0.04483738253821956,False
1.2.826.0.1.3680043.8.498.80642348849062865125509773837278900750,Coronal,1,0.35879629850387,155.00000095367184,-2.990651948556153,-2.255779483224906,0.10075973493104151,False
1.2.826.0.1.3680043.8.498.80642348849062865125509773837278900750,Coronal,0,0.22346368432044,178.770947456352,-2.157260650362376,-1.5390878950406555,0.09901173727578627,False
1.2.826.0.1.3680043.8.498.80642348849062865125509773837278900750,Axial,-1,0.2857142984867,160.000007152552,-5.186790707375821,7.03182413668412,0.0,False
1.2.826.0.1.3680043.8.498.80861108320341696163987804408524915999,Sagittal,1,0.5625,180.0,13.974079406170747,-8.924506683220626,0.21391589180050719,False
1.2.826.0.1.3680043.8.498.80861108320341696163987804408524915999,Sagittal,0,0.703125,180.0,8.142485604085186,-13.557386734028686,0.11637452315418417,False
1.2.826.0.1.3680043.8.498.80861108320341696163987804408524915999,Coronal,1,0.5625,180.0,-5.497217166059928,-8.029718566227945,0.24252465851457727,False
1.2.826.0.1.3680043.8.498.80861108320341696163987804408524915999,Coronal,0,0.703125,180.0,-8.803553516508764,-9.338925737061652,0.13571125565610864,False
1.2.826.0.1.3680043.8.498.80861108320341696163987804408524915999,Axial,-1,0.5625,180.0,-2.5919288592684406,13.135360159640422,0.011779293242405453,False
1.2.826.0.1.3680043.8.498.81109405367395078564887780335570099673,Sagittal,1,0.2125,170.0,-0.503967112672371,-16.86557315060959,0.2212164268035567,False
1.2.826.0.1.3680043.8.498.81109405367395078564887780335570099673,Sagittal,0,0.1897,169.9712,3.755945408923137,-14.728255547821023,0.22939427017326386,False
1.2.826.0.1.3680043.8.498.81109405367395078564887780335570099673,Coronal,1,0.2656,169.984,6.435519288133884,4.336842529956017,0.20689873097729916,False
1.2.826.0.1.3680043.8.498.81109405367395078564887780335570099673,Axial,-1,0.25,160.0,2.1596881897422406,8.274440256630868,0.05709662938161686,False
1.2.826.0.1.3680043.8.498.81466575994184158172641823163654418018,Sagittal,1,0.5,160.0,-18.53574539363484,-24.781959798994976,0.18793969849246228,False
1.2.826.0.1.3680043.8.498.81466575994184158172641823163654418018,Sagittal,0,0.416667,160.00012800000002,-9.736521181900141,-12.910619292009462,0.11268736616702357,False
1.2.826.0.1.3680043.8.498.81466575994184158172641823163654418018,Coronal,1,0.416667,160.00012800000002,-6.858115368519621,-9.339360279500829,0.14856302726922677,False
1.2.826.0.1.3680043.8.498.81466575994184158172641823163654418018,Axial,-1,0.416667,160.00012800000002,-12.01862087815948,-25.83892955810314,0.01584631035292272,False
1.2.826.0.1.3680043.8.498.81698411330214788362326470979160431674,Sagittal,1,0.25,160.0,13.623353399515992,-9.053637792191438,0.12509733886047092,False
1.2.826.0.1.3680043.8.498.81698411330214788362326470979160431674,Sagittal,0,0.2381,160.0032,10.100598436845322,-2.8840729337888504,0.03906812346236077,False
1.2.826.0.1.3680043.8.498.81698411330214788362326470979160431674,Coronal,1,0.3125,160.0,3.1285037262835225,-6.86665927105957,0.11276968701423262,False
1.2.826.0.1.3680043.8.498.81698411330214788362326470979160431674,Axial,-1,0.293,150.016,3.3812995976816898,6.292975791192816,0.0,False
1.2.826.0.1.3680043.8.498.81927409938015158663782061022054347955,Sagittal,1,0.416667,160.00012800000002,17.89124110289467,-11.606409683329282,0.14849049974323625,False
1.2.826.0.1.3680043.8.498.81927409938015158663782061022054347955,Sagittal,0,0.416667,160.00012800000002,4.605645408038479,-8.926058555777184,0.08575370045859587,False
1.2.826.0.1.3680043.8.498.81927409938015158663782061022054347955,Coronal,1,0.416667,145.000116,-0.011373453679067936,-36.563840418902394,0.171833417248076,False
1.2.826.0.1.3680043.8.498.81927409938015158663782061022054347955,Coronal,0,0.384615,159.99984,-1.3656804438642316,-19.454724252610962,0.07090184178957026,False
1.2.826.0.1.3680043.8.498.81927409938015158663782061022054347955,Axial,-1,0.5125,153.75,-8.377992797498907,12.563744113340462,0.014207131267561013,False
1.2.826.0.1.3680043.8.498.82157293611630605740641187215639204974,Sagittal,1,0.33854166666667,130.00000000000128,9.980452992972797,-3.3582087035405808,0.0,True
1.2.826.0.1.3680043.8.498.82157293611630605740641187215639204974,Sagittal,0,0.3515625,180.0,20.901934747296302,2.2537789019182752,0.15405729701751225,False
1.2.826.0.1.3680043.8.498.82157293611630605740641187215639204974,Coronal,1,0.33854166666667,130.00000000000128,-1.9594640318872873,-5.123018591500198,0.0,True
1.2.826.0.1.3680043.8.498.82157293611630605740641187215639204974,Coronal,0,0.25,160.0,-12.114067737020974,3.9938767139341422,0.09866166647134655,False
1.2.826.0.1.3680043.8.498.82157293611630605740641187215639204974,Axial,-1,0.37760416666667,145.00000000000128,5.288274385865823,3.3047599916302994,0.0008837074928198518,False
1.2.826.0.1.3680043.8.498.82548251499640077572026404183402934330,Sagittal,1,0.5,160.0,4.293955903198807,-3.5242515327993402,0.21901525113999287,False
1.2.826.0.1.3680043.8.498.82548251499640077572026404183402934330,Sagittal,0,0.5,160.0,-9.577968155070963,2.7991808007384265,0.2602399907695858,False
1.2.826.0.1.3680043.8.498.82548251499640077572026404183402934330,Coronal,1,0.5,160.0,-16.730106251199473,-5.633101872044946,0.22377305162517225,False
1.2.826.0.1.3680043.8.498.82548251499640077572026404183402934330,Coronal,0,0.41666665673256,159.99999618530302,-10.728626787668999,-1.727923014780883,0.13273567639668704,False
1.2.826.0.1.3680043.8.498.82548251499640077572026404183402934330,Axial,-1,0.53125,170.0,-2.698932412229931,3.0557327835648147,0.016589506172839497,False
1.2.826.0.1.3680043.8.498.82902769135373284012762237744774967400,Sagittal,1,0.1465,150.016,28.781240618828168,-10.36983048057933,0.07297328267429404,False
1.2.826.0.1.3680043.8.498.82902769135373284012762237744774967400,Sagittal,0,0.293,150.016,11.90128372654863,-21.02352146011853,0.053610660224227114,False
1.2.826.0.1.3680043.8.498.82902769135373284012762237744774967400,Coronal,1,0.1465,150.016,-6.460763865539885,-8.21724087252825,0.043927960256013976,False
1.2.826.0.1.3680043.8.498.82902769135373284012762237744774967400,Coronal,0,0.1465,150.016,-5.834114641842204,-9.365873619982906,0.02359454519604165,False
1.2.826.0.1.3680043.8.498.82902769135373284012762237744774967400,Axial,-1,0.1465,150.016,-0.5998961531171134,-0.9698695977882992,0.0,False
1.2.826.0.1.3680043.8.498.83152040259754415849193046299744699239,Sagittal,1,0.1875,150.0,14.588238831858266,-1.2735259751023946,0.07285724104749469,False
1.2.826.0.1.3680043.8.498.83152040259754415849193046299744699239,Coronal,1,0.390625,150.0,1.9968872738931776,-14.492962967910872,0.0678654447324124,False
1.2.826.0.1.3680043.8.498.83152040259754415849193046299744699239,Coronal,0,0.167411,150.000256,-1.021312063490422,-6.212036855912105,0.02084194570759268,False
1.2.826.0.1.3680043.8.498.83152040259754415849193046299744699239,Axial,-1,0.364583,139.99987199999998,-3.537939506978569,7.4189034866416135,0.0,True
1.2.826.0.1.3680043.8.498.83509478059288902959149676250911654986,Sagittal,1,0.366379,169.999856,10.307491158862327,-6.587823699032695,0.15316867533103606,False
1.2.826.0.1.3680043.8.498.83509478059288902959149676250911654986,Sagittal,0,0.342742,170.000032,5.524492232056026,-13.626977395097194,0.07034563386938297,False
1.2.826.0.1.3680043.8.498.83509478059288902959149676250911654986,Coronal,1,0.320565,157.07685,0.9768248120236058,-6.756127883962474,0.06478514933866353,False
1.2.826.0.1.3680043.8.498.83509478059288902959149676250911654986,Axial,-1,0.357143,165.000066,0.9408528398155476,9.25980086815675,0.0,False
1.2.826.0.1.3680043.8.498.84062602050757262792437893691591415560,Sagittal,1,0.3125,160.0,8.432465801032691,-4.027543529940889,0.11317492581949018,False
1.2.826.0.1.3680043.8.498.84062602050757262792437893691591415560,Sagittal,0,0.1563,160.0512,2.1410292371494757,-7.912836724044578,0.09089430604064652,False
1.2.826.0.1.3680043.8.498.84062602050757262792437893691591415560,Coronal,1,0.3125,160.0,2.016094560964774,-1.0705533650950105,0.1248745048646478,False
1.2.826.0.1.3680043.8.498.84062602050757262792437893691591415560,Coronal,0,0.1563,160.0512,2.3846784217089123,0.34609171945608364,0.09371659165905477,False
1.2.826.0.1.3680043.8.498.84062602050757262792437893691591415560,Axial,-1,0.3125,160.0,-5.130863970184043,6.7374571230677915,0.0,False
1.2.826.0.1.3680043.8.498.84486787871353595019134028899317143475,Sagittal,1,0.33333334326744,160.0000047683712,7.773958784968473,0.32677999626509663,0.11952882265994991,False
1.2.826.0.1.3680043.8.498.84486787871353595019134028899317143475,Sagittal,0,0.25,160.0,3.4968657604439244,-4.850215222842152,0.120852634582577,False
1.2.826.0.1.3680043.8.498.84486787871353595019134028899317143475,Coronal,1,0.3125,160.0,2.908519416439592,-8.244754128394671,0.1005400175025436,False
1.2.826.0.1.3680043.8.498.84486787871353595019134028899317143475,Coronal,0,0.3125,160.0,0.5354188199242138,-2.3844833995176717,0.07758980217229683,False
1.2.826.0.1.3680043.8.498.84486787871353595019134028899317143475,Axial,-1,0.22321428358554,149.99999856948287,-3.6312741788309504,-0.14175898309672816,0.0,False
1.2.826.0.1.3680043.8.498.84896756080952941537556818257863912066,Sagittal,1,0.34952065348625,167.7699136734,10.809609690334947,-2.5682791873272537,0.15679885925437553,False
1.2.826.0.1.3680043.8.498.84896756080952941537556818257863912066,Sagittal,0,0.2621404826641,167.769908905024,4.897703243252616,-14.168178878558995,0.1686341954116235,False
1.2.826.0.1.3680043.8.498.84896756080952941537556818257863912066,Coronal,1,0.33203125,170.0,1.1942785454466032,-5.82335737253136,0.16358756594790347,False
1.2.826.0.1.3680043.8.498.84896756080952941537556818257863912066,Coronal,0,0.33203125,170.0,3.115166037293058,-6.678494923675112,0.12382659156852704,False
1.2.826.0.1.3680043.8.498.84896756080952941537556818257863912066,Axial,-1,0.22510793805122,162.0777153968784,11.27339192261654,-1.2272077829518193,0.0,False
1.2.826.0.1.3680043.8.498.85326542895076582985200613540648336047,Sagittal,1,0.341796875,175.0,18.601560151459704,-8.842522717376585,0.22161844617418125,False
1.2.826.0.1.3680043.8.498.85326542895076582985200613540648336047,Sagittal,0,0.17089867591857,175.00024414061568,6.13592187940027,-11.263520038650372,0.18654103773349995,False
1.2.826.0.1.3680043.8.498.85326542895076582985200613540648336047,Coronal,1,0.32291665673255,154.99999523162398,11.135802536820282,-4.910838674880871,0.11540506542516626,False
1.2.826.0.1.3680043.8.498.85326542895076582985200613540648336047,Coronal,0,0.32291665673255,154.99999523162398,14.127246562541366,-3.3118616397080602,0.08892464075468942,False
1.2.826.0.1.3680043.8.498.85326542895076582985200613540648336047,Axial,-1,0.32142856717109,179.99999761581037,0.859985604662957,-4.739110588364804,0.003487229862475405,False
1.2.826.0.1.3680043.8.498.85499036441349866810703945289793057098,Sagittal,1,0.3125,160.0,5.733556890103575,-4.811845961593786,0.11422971806674342,False
1.2.826.0.1.3680043.8.498.85499036441349866810703945289793057098,Sagittal,0,0.1563,160.0512,2.2147236148893636,-12.102154596821729,0.07465277777777779,False
1.2.826.0.1.3680043.8.498.85499036441349866810703945289793057098,Coronal,1,0.3125,160.0,1.1507714839000016,1.467766929933365,0.10858991196069845,False
1.2.826.0.1.3680043.8.498.85499036441349866810703945289793057098,Axial,-1,0.293,150.016,1.0296783313782785,-0.5128798280689472,0.0,False
1.2.826.0.1.3680043.8.498.85728170022176096748897349447671687164,Sagittal,1,0.3125,160.0,2.300983594301833,-3.668627260165911,0.10772490809818669,False
1.2.826.0.1.3680043.8.498.85728170022176096748897349447671687164,Sagittal,0,0.1563,160.0512,-2.6629858600187437,-7.563409367078238,0.08777122840799101,False
1.2.826.0.1.3680043.8.498.85728170022176096748897349447671687164,Coronal,1,0.3125,160.0,1.1895444508284925,-1.7802912262079218,0.16354632790094126,False
1.2.826.0.1.3680043.8.498.85728170022176096748897349447671687164,Coronal,0,0.1563,160.0512,4.3339503048614905,-3.2890922818446606,0.10724464098378927,False
1.2.826.0.1.3680043.8.498.85728170022176096748897349447671687164,Axial,-1,0.3125,160.0,3.3545894802961307,6.918748824351386,0.021820038426914934,False
1.2.826.0.1.3680043.8.498.85943737587102032370951456635167782343,Sagittal,1,0.1875,150.0,3.6372050541277687,-18.501287317197047,0.03900955932486394,False
1.2.826.0.1.3680043.8.498.85943737587102032370951456635167782343,Sagittal,0,0.1674,149.9904,4.219909364946752,-21.35387500006939,0.04081394735600341,False
1.2.826.0.1.3680043.8.498.85943737587102032370951456635167782343,Coronal,1,0.2344,150.016,2.2767771725306436,-2.0023712966752467,0.05447664312275835,False
1.2.826.0.1.3680043.8.498.85943737587102032370951456635167782343,Axial,-1,0.1562,149.952,8.553895206715172,4.10822586572478,0.01125689262330487,False
1.2.826.0.1.3680043.8.498.86142930956005716169649168306759482915,Sagittal,1,0.6641,170.0096,15.980739315230224,-2.575431318570565,0.11650876839346902,False
1.2.826.0.1.3680043.8.498.86142930956005716169649168306759482915,Sagittal,0,0.332,169.984,18.47064264780453,5.029001194640453,0.0467284900260414,False
1.2.826.0.1.3680043.8.498.86142930956005716169649168306759482915,Coronal,1,0.6641,170.0096,4.890128627430756,-1.912297650487436,0.13901067725795635,False
1.2.826.0.1.3680043.8.498.86142930956005716169649168306759482915,Coronal,0,0.6641,170.0096,5.485287385132609,9.352646570788187,0.07187149794546133,False
1.2.826.0.1.3680043.8.498.86142930956005716169649168306759482915,Axial,-1,0.6641,170.0096,5.165439730624456,6.433225935331737,0.0,False
1.2.826.0.1.3680043.8.498.86351141114604781108401133410934252655,Sagittal,1,0.526316,160.000064,0.6812234032014753,10.251205194380773,0.08569917122200665,False
1.2.826.0.1.3680043.8.498.86351141114604781108401133410934252655,Sagittal,0,0.4,160.0,-1.9169743126371488,-10.590649283593656,0.07788821479282304,False
1.2.826.0.1.3680043.8.498.86351141114604781108401133410934252655,Coronal,1,0.260417,150.000192,-3.8309317762040025,-2.248384142915643,0.04053069651762742,False
1.2.826.0.1.3680043.8.498.86351141114604781108401133410934252655,Coronal,0,0.390625,150.0,-3.5105534434917485,0.3812578902004482,0.02918332820670566,False
1.2.826.0.1.3680043.8.498.86351141114604781108401133410934252655,Axial,-1,0.275735,149.99984,1.7013461306216773,12.220105819326696,0.011139752621634691,False
1.2.826.0.1.3680043.8.498.86625876521226465945114246972542881955,Sagittal,1,0.31124749779701,159.35871887206912,26.989279221501498,-3.0818817284762288,0.12430872132127646,False
1.2.826.0.1.3680043.8.498.86625876521226465945114246972542881955,Sagittal,0,0.31124749779701,159.35871887206912,11.709762360446028,-14.908868881718483,0.12396382412228224,False
1.2.826.0.1.3680043.8.498.86625876521226465945114246972542881955,Coronal,1,0.3125,160.0,7.877410732919721,-12.262831945155925,0.11176883525907377,False
1.2.826.0.1.3680043.8.498.86625876521226465945114246972542881955,Axial,-1,0.3571428656578,160.0000038146944,3.86559412737721,8.309243022171273,0.0,False
1.2.826.0.1.3680043.8.498.87064372531225943854092598173945043861,Sagittal,1,0.3906,199.9872,-17.77916139069461,-17.39756250821708,0.36681031334453296,False
1.2.826.0.1.3680043.8.498.87064372531225943854092598173945043861,Sagittal,0,0.3906,199.9872,8.617313735829157,-5.097392617980492,0.2607179609297262,False
1.2.826.0.1.3680043.8.498.87064372531225943854092598173945043861,Coronal,1,0.6055,310.016,1.640348291057612,4.581264617368881,0.5567190762805552,False
1.2.826.0.1.3680043.8.498.87064372531225943854092598173945043861,Coronal,0,0.4297,220.0064,11.440357672595727,-13.724491046126015,0.45240966449890174,False
1.2.826.0.1.3680043.8.498.87064372531225943854092598173945043861,Axial,-1,0.3906,199.9872,-10.846793684764492,0.06372388386983928,0.07059531118824158,False
1.2.826.0.1.3680043.8.498.87262205711949358943515326577886508585,Sagittal,1,0.1674,149.9904,-4.41972222611378,-6.046638250919017,0.022035689163456107,False
1.2.826.0.1.3680043.8.498.87262205711949358943515326577886508585,Sagittal,0,0.1875,150.0,-4.750806766536634,-7.374819955415667,0.037268738373142596,False
1.2.826.0.1.3680043.8.498.87262205711949358943515326577886508585,Coronal,1,0.2813,180.03199999999998,3.436249534746326,-5.170782009663773,0.1825988795931932,False
1.2.826.0.1.3680043.8.498.87262205711949358943515326577886508585,Axial,-1,0.25,320.0,7.18283175424321,8.596569111834455,0.0,False
1.2.826.0.1.3680043.8.498.87563449504927531224663601218159863518,Sagittal,1,0.35416665673255,169.99999523162398,10.966299534148225,-4.968840034837237,0.19747910001032098,False
1.2.826.0.1.3680043.8.498.87563449504927531224663601218159863518,Sagittal,0,0.265625,170.0,1.8874555992491002,-8.780183500098158,0.1964368972540551,False
1.2.826.0.1.3680043.8.498.87563449504927531224663601218159863518,Coronal,1,0.33203125,170.0,0.17114758643302808,-3.1536920786297484,0.17689813723178494,False
1.2.826.0.1.3680043.8.498.87563449504927531224663601218159863518,Coronal,0,0.3035714328289,170.000002384184,2.079135178148699,6.9974848115603026,0.1073700155150481,False
1.2.826.0.1.3680043.8.498.87563449504927531224663601218159863518,Axial,-1,0.22135417163372,170.00000381469698,5.902157189182098,4.32507527038125,0.0,False
1.2.826.0.1.3680043.8.498.87876800169766592603600598167358214111,Sagittal,1,0.22727273404598,160.00000476836993,30.797328092397734,-2.8199364169443037,0.19068570563600584,False
1.2.826.0.1.3680043.8.498.87876800169766592603600598167358214111,Sagittal,0,0.40000000596046,160.000002384184,2.980641702149895,-12.740984827225814,0.1534976777420507,False
1.2.826.0.1.3680043.8.498.87876800169766592603600598167358214111,Coronal,1,0.25,160.0,3.7269111615077293,0.5771596436347437,0.07758227079080338,False
1.2.826.0.1.3680043.8.498.87876800169766592603600598167358214111,Coronal,0,0.22727273404598,160.00000476836993,0.698797909790215,-5.360288169628641,0.07657475539742864,False
1.2.826.0.1.3680043.8.498.87876800169766592603600598167358214111,Axial,-1,0.25,160.0,-4.705798926340506,12.500537725956931,0.02130290999363693,False
1.2.826.0.1.3680043.8.498.88274753211076645976496220746740420894,Sagittal,1,0.17918455600738,183.48498535155713,4.790768791850249,-5.65240870384239,0.2387809320844103,False
1.2.826.0.1.3680043.8.498.88274753211076645976496220746740420894,Sagittal,0,0.17841880023479,182.70085144042497,1.412600048474895,-13.485849716531487,0.23266815318795464,False
1.2.826.0.1.3680043.8.498.88274753211076645976496220746740420894,Coronal,1,0.2633928656578,177.0000057220416,-2.0010980713490256,-0.8875021814509282,0.19030487611433644,False
1.2.826.0.1.3680043.8.498.88274753211076645976496220746740420894,Coronal,0,0.18437500298023,177.0000028610208,-0.7986702688188639,-0.907632049485663,0.16959948995471086,False
1.2.826.0.1.3680043.8.498.88274753211076645976496220746740420894,Axial,-1,0.18778112530708,189.28337430953664,1.3165557630254408,-0.6619628079469223,0.004229206628121762,False
1.2.826.0.1.3680043.8.498.88574487918084130981335189023288704909,Sagittal,1,0.3125,160.0,6.312489100738237,-2.3522201392521946,0.11436635728910327,False
1.2.826.0.1.3680043.8.498.88574487918084130981335189023288704909,Sagittal,0,0.1563,160.0512,-0.08131583341197772,-9.240266863153618,0.10612957007590884,False
1.2.826.0.1.3680043.8.498.88574487918084130981335189023288704909,Coronal,1,0.3125,160.0,-1.099200188984879,-0.5969522438204944,0.12355411567074637,False
1.2.826.0.1.3680043.8.498.88574487918084130981335189023288704909,Coronal,0,0.1563,160.0512,-3.7831303420007227,-2.629286492535164,0.1038267971174256,False
1.2.826.0.1.3680043.8.498.88574487918084130981335189023288704909,Axial,-1,0.293,150.016,-3.995741187352656,3.25507594950988,0.0,False
1.2.826.0.1.3680043.8.498.88753415430913291809543943690942744997,Sagittal,1,0.1897,169.9712,5.533889700181004,-12.582468606878033,0.10914345769837097,False
1.2.826.0.1.3680043.8.498.88753415430913291809543943690942744997,Sagittal,0,0.2125,170.0,5.47825082039632,-13.90983134544996,0.1419619722178913,False
1.2.826.0.1.3680043.8.498.88753415430913291809543943690942744997,Coronal,1,0.2656,169.984,0.1143545836368423,-8.666833681012978,0.16099685383506657,False
1.2.826.0.1.3680043.8.498.88753415430913291809543943690942744997,Coronal,0,0.2125,219.29999999999998,-1.2588559974690938,-8.873100026523339,0.11323865887796714,False
1.2.826.0.1.3680043.8.498.88753415430913291809543943690942744997,Axial,-1,0.25,320.0,2.0065203166917627,2.509762481188247,0.01909310999149383,False
1.2.826.0.1.3680043.8.498.89045629523485194086986785222960864883,Sagittal,1,0.4296875,165.0,24.86874382805575,0.2031364068936803,0.20756635553006209,False
1.2.826.0.1.3680043.8.498.89045629523485194086986785222960864883,Sagittal,0,0.3515625,180.0,31.733692473336127,2.7878003770847415,0.20627385371464424,False
1.2.826.0.1.3680043.8.498.89045629523485194086986785222960864883,Coronal,1,0.390625,150.0,12.579635089789566,-17.900105809292754,0.1013923316280787,False
1.2.826.0.1.3680043.8.498.89045629523485194086986785222960864883,Coronal,0,0.25,160.0,1.0349219463733874,-0.2871896700630572,0.0722127092371363,False
1.2.826.0.1.3680043.8.498.89045629523485194086986785222960864883,Axial,-1,0.41666666666667,160.00000000000128,-0.389418464300091,14.95881175657425,0.0,False
1.2.826.0.1.3680043.8.498.89326347774248795083360112232993521530,Sagittal,1,0.46875,150.0,15.030628010212963,-5.326499303661576,0.021006209017582544,False
1.2.826.0.1.3680043.8.498.89326347774248795083360112232993521530,Sagittal,0,0.4,160.0,14.08623600154466,-10.449655210459538,0.1674987587576543,False
1.2.826.0.1.3680043.8.498.89326347774248795083360112232993521530,Coronal,1,0.46875,150.0,10.15148570712137,3.0743898361751887,0.06165162153126047,False
1.2.826.0.1.3680043.8.498.89326347774248795083360112232993521530,Coronal,0,0.390625,150.0,5.0073567649023705,2.364057612887549,0.023108924721387147,False
1.2.826.0.1.3680043.8.498.89326347774248795083360112232993521530,Axial,-1,0.46875,150.0,1.2925669108851734,-2.1483907745215314,0.0,False
1.2.826.0.1.3680043.8.498.89584627944947813918297925813120247226,Sagittal,1,0.390625,150.0,28.83243936824018,-7.499729814194767,0.061523889243782603,False
1.2.826.0.1.3680043.8.498.89584627944947813918297925813120247226,Sagittal,0,0.2840909063816,149.9999985694848,0.14431122159191662,-9.747915565774385,0.05451629365021504,False
1.2.826.0.1.3680043.8.498.89584627944947813918297925813120247226,Coronal,1,0.375,150.0,0.3154015673259529,-4.856831632359434,0.061225468567153274,False
1.2.826.0.1.3680043.8.498.89584627944947813918297925813120247226,Coronal,0,0.19132652878761,149.99999856948625,-0.7667105145074274,-1.5027602711722103,0.04846051327615075,False
1.2.826.0.1.3680043.8.498.89584627944947813918297925813120247226,Axial,-1,0.33333334326744,160.0000047683712,-2.7869693750447735,5.050879409971752,0.0,False
1.2.826.0.1.3680043.8.498.89967772422936726289461201791871771011,Sagittal,1,0.25,160.0,11.885371270642906,0.5259789808215771,0.13463706780363216,False
1.2.826.0.1.3680043.8.498.89967772422936726289461201791871771011,Sagittal,0,0.24999999403954,159.9999961853056,0.5853991276739088,-8.886882477676881,0.09000858369098708,False
1.2.826.0.1.3680043.8.498.89967772422936726289461201791871771011,Coronal,1,0.25,160.0,6.941169381785514,-5.352455110156768,0.13749055094819185,False
1.2.826.0.1.3680043.8.498.89967772422936726289461201791871771011,Coronal,0,0.24999999403954,159.9999961853056,5.634636698226461,-0.7035016898960561,0.1123838048596214,False
1.2.826.0.1.3680043.8.498.89967772422936726289461201791871771011,Axial,-1,0.25,160.0,6.644805171740131,9.961487230490533,0.002713742762760596,False
1.2.826.0.1.3680043.8.498.90223492515368389331845681759355261030,Sagittal,1,0.33854166666667,130.00000000000128,19.886799719568085,5.293164111697553,0.0,True
1.2.826.0.1.3680043.8.498.90223492515368389331845681759355261030,Sagittal,0,0.3515625,180.0,12.987488725880574,-10.021057641334277,0.15416278868941957,False
1.2.826.0.1.3680043.8.498.90223492515368389331845681759355261030,Coronal,1,0.33854166666667,130.00000000000128,-9.765234092228972,14.943306565162546,0.0,True
1.2.826.0.1.3680043.8.498.90223492515368389331845681759355261030,Coronal,0,0.25,160.0,7.711092346246417,-7.246581465376352,0.055142288300959796,False
1.2.826.0.1.3680043.8.498.90223492515368389331845681759355261030,Axial,-1,0.390625,150.0,-6.957047754912704,9.610801932664149,0.0,False
1.2.826.0.1.3680043.8.498.90340114291852810896219650388952790164,Sagittal,1,0.25,160.0,10.665830541948225,-1.2260518519952797,0.10020330319282822,False
1.2.826.0.1.3680043.8.498.90340114291852810896219650388952790164,Sagittal,0,0.25,160.0,-0.7735664322348015,1.1580415629919258,0.05090006601330421,False
1.2.826.0.1.3680043.8.498.90340114291852810896219650388952790164,Coronal,1,0.25,160.0,6.122173302985246,-6.18374477312679,0.0993594215261473,False
1.2.826.0.1.3680043.8.498.90340114291852810896219650388952790164,Coronal,0,0.25,160.0,4.454254761136212,5.376504426819153,0.03924190722124876,False
1.2.826.0.1.3680043.8.498.90340114291852810896219650388952790164,Axial,-1,0.25,160.0,1.1871467596081402,2.795998627408764,2.691355366557513e-05,False
1.2.826.0.1.3680043.8.498.90629760164319310375909187696899268080,Sagittal,1,0.33333334326744,160.0000047683712,25.33973802459408,-4.770760056403417,0.13484385524761566,False
1.2.826.0.1.3680043.8.498.90629760164319310375909187696899268080,Sagittal,0,0.3125,160.0,5.679023266022831,-10.501823968393325,0.154521510096576,False
1.2.826.0.1.3680043.8.498.90629760164319310375909187696899268080,Coronal,1,0.3515625,180.0,2.8109263285804653,-0.41628870562044784,0.2249335029489996,False
1.2.826.0.1.3680043.8.498.90629760164319310375909187696899268080,Coronal,0,0.28125,180.0,6.481509079444004,2.0992562847270264,0.19002269484760737,False
1.2.826.0.1.3680043.8.498.90629760164319310375909187696899268080,Axial,-1,0.41249999403953,164.99999761581202,6.811647680773666,4.2895311023388505,0.0,False
1.2.826.0.1.3680043.8.498.91064647744940506223536204418057554573,Sagittal,1,0.625,160.0,5.275602370745318,-4.961520582614538,0.1159547544031817,False
1.2.826.0.1.3680043.8.498.91064647744940506223536204418057554573,Sagittal,0,0.3125,160.0,5.041300195381986,-4.148102516245418,0.1153128296681003,False
1.2.826.0.1.3680043.8.498.91064647744940506223536204418057554573,Coronal,1,0.625,160.0,-5.9270872223259286,-6.029231612843011,0.14212712338995703,False
1.2.826.0.1.3680043.8.498.91064647744940506223536204418057554573,Coronal,0,0.3125,160.0,-9.771422926388675,-8.232671708248489,0.08492516855891041,False
1.2.826.0.1.3680043.8.498.91064647744940506223536204418057554573,Axial,-1,0.625,160.0,0.48592175801829285,7.717354884924674,0.0,False
1.2.826.0.1.3680043.8.498.91262503278090288446189575519187653125,Sagittal,1,0.3516,180.0192,-1.682818104643688,-16.51835636351338,0.18196807251327496,False
1.2.826.0.1.3680043.8.498.91262503278090288446189575519187653125,Sagittal,0,0.3516,180.0192,-2.8882188699735556,-22.39745633239148,0.16664823175698096,False
1.2.826.0.1.3680043.8.498.91262503278090288446189575519187653125,Coronal,1,0.332,169.984,20.328385353436452,-33.83910162522028,0.2274003002414986,False
1.2.826.0.1.3680043.8.498.91262503278090288446189575519187653125,Axial,-1,0.3516,180.0192,3.0225909649439795,2.375962096133006,0.0,False
1.2.826.0.1.3680043.8.498.91499489440453244654238202136675083579,Sagittal,1,0.35416665673255,169.99999523162398,14.783460652595485,-7.876404913347418,0.21632991080916675,False
1.2.826.0.1.3680043.8.498.91499489440453244654238202136675083579,Sagittal,0,0.29525858163833,165.34480571746482,-1.2106089911615336,-5.343474079697262,0.2038324415544024,False
1.2.826.0.1.3680043.8.498.91499489440453244654238202136675083579,Coronal,1,0.35879629850387,155.00000095367184,-19.24740406371705,2.5775238015851643,0.12195441660795336,False
1.2.826.0.1.3680043.8.498.91499489440453244654238202136675083579,Coronal,0,0.20380434393882,159.7826056480349,-3.8057826970869644,-3.0019407465586965,0.1048492270698208,False
1.2.826.0.1.3680043.8.498.91499489440453244654238202136675083579,Axial,-1,0.27187499403953,173.9999961852992,1.6740799570806955,1.3702167769913913,0.03820031652724398,False
1.2.826.0.1.3680043.8.498.91883829404782805058767342767479130421,Sagittal,1,0.5,160.0,5.4280790221172595,-23.864870902881947,0.06564963457058048,False
1.2.826.0.1.3680043.8.498.91883829404782805058767342767479130421,Sagittal,0,0.416667,160.00012800000002,-3.8062992490406167,-5.3562561885372535,0.05337652628955891,False
1.2.826.0.1.3680043.8.498.91883829404782805058767342767479130421,Coronal,1,0.416667,160.00012800000002,1.3135684283134248,-7.719409341877636,0.1502170400177434,False
1.2.826.0.1.3680043.8.498.91883829404782805058767342767479130421,Axial,-1,0.416667,160.00012800000002,-9.956816224311419,0.8122073662137314,0.0,False
1.2.826.0.1.3680043.8.498.92127426417720107708158713612888411025,Sagittal,1,0.625,160.0,8.420105751870004,8.075799587309778,0.03399535723497549,False
1.2.826.0.1.3680043.8.498.92127426417720107708158713612888411025,Sagittal,0,0.3125,160.0,-3.0217881577557026,-0.500271588387573,0.04119558326289097,False
1.2.826.0.1.3680043.8.498.92127426417720107708158713612888411025,Coronal,1,0.625,160.0,6.80259087393658,4.055853634957458,0.023472544470224288,False
1.2.826.0.1.3680043.8.498.92127426417720107708158713612888411025,Coronal,0,0.625,160.0,10.515106592404084,10.13171003985212,0.016949152542372836,False
1.2.826.0.1.3680043.8.498.92127426417720107708158713612888411025,Axial,-1,0.625,160.0,-1.0292207792207808,5.872051417969786,0.0,False
1.2.826.0.1.3680043.8.498.92455257597708674644536154732642099964,Sagittal,1,0.34375,165.0,14.150890245371317,-3.551612507743136,0.16379654484135175,False
1.2.826.0.1.3680043.8.498.92455257597708674644536154732642099964,Sagittal,0,0.322265625,165.0,2.1591779522146624,-9.43184558147974,0.1382686577879887,False
1.2.826.0.1.3680043.8.498.92455257597708674644536154732642099964,Coronal,1,0.35879629850387,155.00000095367184,-1.2681627797210713,-3.0672435120327006,0.09170519165287205,False
1.2.826.0.1.3680043.8.498.92455257597708674644536154732642099964,Coronal,0,0.302734375,155.0,-1.0210308470316112,-0.9318700626431422,0.06966540597934345,False
1.2.826.0.1.3680043.8.498.92455257597708674644536154732642099964,Axial,-1,0.38693368434906,167.15535163879392,0.6624775602600261,5.512989353152594,0.0,False
1.2.826.0.1.3680043.8.498.92758635328468215409701857842011454608,Sagittal,1,0.6641,170.0096,18.56671391541609,5.168980455762713,0.08766611085847098,False
1.2.826.0.1.3680043.8.498.92758635328468215409701857842011454608,Sagittal,0,0.332,169.984,0.8260528482930091,-12.573626105127797,0.06092268124095801,False
1.2.826.0.1.3680043.8.498.92758635328468215409701857842011454608,Coronal,1,0.7422,190.0032,-10.003830126002294,-13.51678732340588,0.2570319460353825,False
1.2.826.0.1.3680043.8.498.92758635328468215409701857842011454608,Coronal,0,0.332,169.984,-13.941598031534621,-7.514702624620507,0.08266820095974925,False
1.2.826.0.1.3680043.8.498.92758635328468215409701857842011454608,Axial,-1,0.332,169.984,5.540692143448519,8.210717765479982,0.007473092509477586,False
1.2.826.0.1.3680043.8.498.93177444420568709574758402836371200945,Sagittal,1,0.3125,160.0,-8.910069457182335,-2.9928762060237,0.0832507917874219,False
1.2.826.0.1.3680043.8.498.93177444420568709574758402836371200945,Sagittal,0,0.1563,160.0512,-5.789119759280698,-15.39058144574524,0.058533575386785164,False
1.2.826.0.1.3680043.8.498.93177444420568709574758402836371200945,Coronal,1,0.3125,160.0,-0.14689722718233433,-6.907213551153495,0.08591375181400684,False
1.2.826.0.1.3680043.8.498.93177444420568709574758402836371200945,Axial,-1,0.3125,160.0,2.1231498765359547,-3.7275425265055784,0.0,False
1.2.826.0.1.3680043.8.498.93555726419626687118723083838655757151,Sagittal,1,0.2344,150.016,-35.90179463356322,-11.554322846896554,0.02098390804597705,False
1.2.826.0.1.3680043.8.498.93555726419626687118723083838655757151,Sagittal,0,0.1674,149.9904,-1.9441421873213822,-4.1626631204987685,0.06776938477006189,False
1.2.826.0.1.3680043.8.498.93555726419626687118723083838655757151,Coronal,1,0.2813,180.03199999999998,13.124376854111267,2.652162388616233,0.09916924848518083,False
1.2.826.0.1.3680043.8.498.93555726419626687118723083838655757151,Axial,-1,0.25,240.0,-4.733811285846443,0.7155217131939082,0.024942291232590064,False
1.2.826.0.1.3680043.8.498.93902628119199416703899320994283313812,Sagittal,1,0.366379,169.999856,7.428731104104886,-8.887755301858556,0.11690586764719302,False
1.2.826.0.1.3680043.8.498.93902628119199416703899320994283313812,Sagittal,0,0.342742,170.000032,6.1579100067849994,-26.22177941800744,0.09148296593186378,False
1.2.826.0.1.3680043.8.498.93902628119199416703899320994283313812,Coronal,1,0.320565,157.07685,-1.4349261614871978,-39.675922980164415,0.17394282867285293,False
1.2.826.0.1.3680043.8.498.93902628119199416703899320994283313812,Axial,-1,0.357143,165.000066,2.3969945858409507,3.6121070934192288,0.0,False
1.2.826.0.1.3680043.8.498.94255124739558547668304022649099251744,Sagittal,1,0.366379,169.999856,8.297622229952994,-10.681975662046442,0.12375962662378037,False
1.2.826.0.1.3680043.8.498.94255124739558547668304022649099251744,Sagittal,0,0.342742,170.000032,3.7186911999643826,-26.970036654160683,0.12862938610436347,False
1.2.826.0.1.3680043.8.498.94255124739558547668304022649099251744,Coronal,1,0.320565,157.07685,-2.8513957783007586,-26.625551763719056,0.1010065673350613,False
1.2.826.0.1.3680043.8.498.94255124739558547668304022649099251744,Axial,-1,0.357143,165.000066,0.7667789530239408,10.667143780436799,0.0,False
1.2.826.0.1.3680043.8.498.94590838906158914501563687877014778914,Sagittal,1,0.3125,160.0,5.6342941276600556,-2.2532774488081753,0.14080891175863242,False
1.2.826.0.1.3680043.8.498.94590838906158914501563687877014778914,Sagittal,0,0.3125,160.0,-3.4139670787211873,-14.11383852325077,0.11567684339774187,False
1.2.826.0.1.3680043.8.498.94590838906158914501563687877014778914,Coronal,1,0.31449162960052,161.01971435546625,3.971055187982273,-7.239418231010404,0.11852339903731768,False
1.2.826.0.1.3680043.8.498.94590838906158914501563687877014778914,Axial,-1,0.29778307676315,171.5230522155744,-6.606566236128899,3.512972885901054,0.0,False
1.2.826.0.1.3680043.8.498.94753144127920558221268610279343359449,Sagittal,1,0.3516,180.0192,13.591317650520592,-7.296674898143961,0.21687415119963782,False
1.2.826.0.1.3680043.8.498.94753144127920558221268610279343359449,Sagittal,0,0.2679,180.02880000000002,8.809171453382929,-9.498768337893093,0.046294303894746536,False
1.2.826.0.1.3680043.8.498.94753144127920558221268610279343359449,Coronal,1,0.3516,180.0192,1.1056445633578764,-8.88521246866919,0.254087925203899,False
1.2.826.0.1.3680043.8.498.94753144127920558221268610279343359449,Axial,-1,0.332,169.984,2.5006699512968646,4.339163665194255,5.663155510249318e-05,False
1.2.826.0.1.3680043.8.498.95030266788619257057351879256576338162,Sagittal,1,0.25,160.0,11.540000035694405,-2.8293709576093278,0.1447229400762432,False
1.2.826.0.1.3680043.8.498.95030266788619257057351879256576338162,Sagittal,0,0.24999999403954,159.9999961853056,5.433916062492448,-7.482297582090693,0.13164446047985978,False
1.2.826.0.1.3680043.8.498.95030266788619257057351879256576338162,Coronal,1,0.25,160.0,-8.777000134320232,-0.18443316861430503,0.1853548528486494,False
1.2.826.0.1.3680043.8.498.95030266788619257057351879256576338162,Coronal,0,0.25,160.0,-10.58977058933202,3.781642485465852,0.11126459770504582,False
1.2.826.0.1.3680043.8.498.95030266788619257057351879256576338162,Axial,-1,0.25,160.0,-1.0974181845829634,8.809622340252204,0.059353514288507325,False
1.2.826.0.1.3680043.8.498.95321750682026667237717880394536750835,Sagittal,1,0.46875,150.0,-4.327893892997459,-5.353819404321705,0.009244280101687097,False
1.2.826.0.1.3680043.8.498.95321750682026667237717880394536750835,Sagittal,0,0.4,160.0,3.7411941341685977,-4.801351263897698,0.09158566417726921,False
1.2.826.0.1.3680043.8.498.95321750682026667237717880394536750835,Coronal,1,0.46875,150.0,17.774540101226396,2.736610619038351,0.032314580494452017,False
1.2.826.0.1.3680043.8.498.95321750682026667237717880394536750835,Coronal,0,0.390625,150.0,-0.8935732557531773,2.026673148922542,0.01830822105772123,False
1.2.826.0.1.3680043.8.498.95321750682026667237717880394536750835,Axial,-1,0.46875,150.0,-2.1442421726755168,-21.981706593927893,0.0,False
1.2.826.0.1.3680043.8.498.95560861705581165570145459410262387310,Sagittal,1,0.3516,180.0192,1.785793266740653,-7.024992064372917,0.13064187939326677,False
1.2.826.0.1.3680043.8.498.95560861705581165570145459410262387310,Sagittal,0,0.3516,180.0192,-3.7034762507397425,-15.484317066508854,0.105726771976146,False
1.2.826.0.1.3680043.8.498.95560861705581165570145459410262387310,Coronal,1,0.3516,180.0192,-0.6190584417779325,-5.587807605205344,0.1691468827553081,False
1.2.826.0.1.3680043.8.498.95560861705581165570145459410262387310,Coronal,0,0.3516,180.0192,2.4009212312040593,-6.065003022226633,0.056899180602213995,False
1.2.826.0.1.3680043.8.498.95560861705581165570145459410262387310,Axial,-1,0.3516,180.0192,7.789064846032818,4.762675814789836,0.0,False
1.2.826.0.1.3680043.8.498.95727100148189624148200652225439854460,Sagittal,1,0.3125,160.0,13.50560093440361,1.372236767841457,0.0007399974915339724,False
1.2.826.0.1.3680043.8.498.95727100148189624148200652225439854460,Sagittal,0,0.3125,160.0,2.474560733995883,-2.8669645811761413,7.47232570800227e-05,False
1.2.826.0.1.3680043.8.498.95727100148189624148200652225439854460,Coronal,1,0.292969,150.000128,0.623813697437161,-1.4636944067010964,0.0010954861499250512,False
1.2.826.0.1.3680043.8.498.95727100148189624148200652225439854460,Coronal,0,0.292969,150.000128,1.6978757606155608,0.17062231633799443,0.0,False
1.2.826.0.1.3680043.8.498.95727100148189624148200652225439854460,Axial,-1,0.3125,160.0,7.803115328367856,11.740192327313537,0.0015191193642372092,False
1.2.826.0.1.3680043.8.498.96054287426681123062488435620352206601,Sagittal,1,0.3711,190.0032,9.899047110844924,-19.699845823578368,0.1881431471528464,False
1.2.826.0.1.3680043.8.498.96054287426681123062488435620352206601,Sagittal,0,0.3711,190.0032,3.8519307813218453,-22.441266687695816,0.15396541953144216,False
1.2.826.0.1.3680043.8.498.96054287426681123062488435620352206601,Coronal,1,0.3906,199.9872,2.7580461732699137,-22.247766979994786,0.20816499413527956,False
1.2.826.0.1.3680043.8.498.96054287426681123062488435620352206601,Coronal,0,0.3906,199.9872,-0.3169324762097572,-17.149670743065396,0.10492291672692566,False
1.2.826.0.1.3680043.8.498.96054287426681123062488435620352206601,Axial,-1,0.3125,160.0,-2.552338497013027,2.1904682305596523,0.0,False
1.2.826.0.1.3680043.8.498.96448229695053562621553132798380456420,Sagittal,1,0.5625,180.0,5.249740157911056,6.25127755693733,0.14148173811564335,False
1.2.826.0.1.3680043.8.498.96448229695053562621553132798380456420,Sagittal,0,0.703125,180.0,-2.322898330082306,11.000515902278899,0.12236547885246685,False
1.2.826.0.1.3680043.8.498.96448229695053562621553132798380456420,Coronal,1,0.5625,180.0,-4.675212997371528,-3.0572798649506012,0.26801413939998187,False
1.2.826.0.1.3680043.8.498.96448229695053562621553132798380456420,Coronal,0,0.703125,180.0,-9.39873471339498,-1.951611870839487,0.13271484080845808,False
1.2.826.0.1.3680043.8.498.96448229695053562621553132798380456420,Axial,-1,0.5625,180.0,7.734629893964112,10.165528140293633,0.0541508065977887,False
1.2.826.0.1.3680043.8.498.96791010280967772394523567484937888186,Sagittal,1,0.6641,170.0096,1.4586277639394567,-8.659480987737117,0.13541866257903812,False
1.2.826.0.1.3680043.8.498.96791010280967772394523567484937888186,Sagittal,0,0.332,169.984,1.2031471214658418,-10.307855918838504,0.10818280846082562,False
1.2.826.0.1.3680043.8.498.96791010280967772394523567484937888186,Coronal,1,0.6641,170.0096,12.376955139731365,-14.823989558058923,0.15933708838821492,False
1.2.826.0.1.3680043.8.498.96791010280967772394523567484937888186,Coronal,0,0.332,169.984,2.4110109560394544,-4.464318588898488,0.10894212847206441,False
1.2.826.0.1.3680043.8.498.96791010280967772394523567484937888186,Axial,-1,0.332,169.984,0.3918706829504097,-0.5268815504592912,0.006558341916633403,False
1.2.826.0.1.3680043.8.498.97042446513400958172996637321308032556,Sagittal,1,0.332,169.984,18.350187617886704,-7.761072432154999,0.086123051260666,False
1.2.826.0.1.3680043.8.498.97042446513400958172996637321308032556,Sagittal,0,0.332,169.984,15.770985113897986,-11.111951838240552,0.10776336674722231,False
1.2.826.0.1.3680043.8.498.97042446513400958172996637321308032556,Coronal,1,0.6641,170.0096,15.72090492422634,-14.567518529524135,0.17226302160716556,False
1.2.826.0.1.3680043.8.498.97042446513400958172996637321308032556,Coronal,0,0.332,169.984,10.81398176611536,-7.4968727719011214,0.056118870901759155,False
1.2.826.0.1.3680043.8.498.97042446513400958172996637321308032556,Axial,-1,0.332,169.984,14.269032698877503,7.688071124125591,0.019407841223361033,False
1.2.826.0.1.3680043.8.498.97269744864161337523188705262974234442,Sagittal,1,0.31124749779701,159.35871887206912,22.342537136521603,-6.476140705705732,0.13039287107147324,False
1.2.826.0.1.3680043.8.498.97269744864161337523188705262974234442,Sagittal,0,0.31124749779701,159.35871887206912,9.99639822711952,-11.387451841067891,0.12498273855319486,False
1.2.826.0.1.3680043.8.498.97269744864161337523188705262974234442,Coronal,1,0.3125,160.0,-0.7548568899174679,-10.384460217767124,0.08566389694401066,False
1.2.826.0.1.3680043.8.498.97269744864161337523188705262974234442,Axial,-1,0.3571428656578,160.0000038146944,5.607502821032628,15.416301130939566,0.00410661905369214,False
1.2.826.0.1.3680043.8.498.97496319463700021339637597270948309369,Sagittal,1,0.22499999403953,179.999995231624,20.42210087560599,-5.129658889997644,0.2586756367797757,False
1.2.826.0.1.3680043.8.498.97496319463700021339637597270948309369,Sagittal,0,0.3515625,180.0,3.1216864946380785,-15.132660648458442,0.13199285075960676,False
1.2.826.0.1.3680043.8.498.97496319463700021339637597270948309369,Coronal,1,0.23668639361858,170.41420340537758,0.633807521298322,-8.267771569778569,0.11755113855654187,False
1.2.826.0.1.3680043.8.498.97496319463700021339637597270948309369,Coronal,0,0.22727273404598,160.00000476836993,0.6580461181178319,-1.9691151325770875,0.0379686605609616,False
1.2.826.0.1.3680043.8.498.97496319463700021339637597270948309369,Axial,-1,0.2857142984867,160.000007152552,4.762395484186824,12.769634571570064,0.02152048000554918,False
1.2.826.0.1.3680043.8.498.97705920250069816684861966612302390614,Sagittal,1,0.5625,180.0,27.229486687147972,-6.823316692268312,0.36784813487322443,False
1.2.826.0.1.3680043.8.498.97705920250069816684861966612302390614,Sagittal,0,0.5625,180.0,14.74846120531262,-15.574183684182902,0.2646333140847289,False
1.2.826.0.1.3680043.8.498.97705920250069816684861966612302390614,Coronal,1,0.5625,180.0,-13.735621154190808,-0.8928064699205489,0.20250114503056738,False
1.2.826.0.1.3680043.8.498.97705920250069816684861966612302390614,Coronal,0,0.5625,180.0,-12.999114425389527,9.650760090975638,0.11534037435951061,False
1.2.826.0.1.3680043.8.498.97705920250069816684861966612302390614,Axial,-1,0.5625,180.0,-2.209825826401058,8.674604586252189,0.0,False
1.2.826.0.1.3680043.8.498.98028018520101798863795620289151810642,Sagittal,1,0.384615,159.99984,10.162119561784829,-6.81709664446376,0.10366651708922292,False
1.2.826.0.1.3680043.8.498.98028018520101798863795620289151810642,Sagittal,0,0.360577,150.000032,4.797636208636355,-4.469597765273495,0.024774328645405963,False
1.2.826.0.1.3680043.8.498.98028018520101798863795620289151810642,Coronal,1,0.360577,150.000032,-6.207940458553886,-3.2820472360345256,0.07949961874661571,False
1.2.826.0.1.3680043.8.498.98028018520101798863795620289151810642,Coronal,0,0.360577,150.000032,-3.8955804137345402,2.8284615625254457,0.018773335814732506,False
1.2.826.0.1.3680043.8.498.98028018520101798863795620289151810642,Axial,-1,0.384615,159.99984,0.9469585497847942,3.738295934289813,0.0,False
1.2.826.0.1.3680043.8.498.98239758242192048511912905088391835938,Sagittal,1,0.25,160.0,19.175413206715376,-2.8762439563775075,0.09299048197211801,False
1.2.826.0.1.3680043.8.498.98239758242192048511912905088391835938,Sagittal,0,0.41666665673256,159.99999618530302,4.838025586080246,5.019556691118369,0.04311152764761017,False
1.2.826.0.1.3680043.8.498.98239758242192048511912905088391835938,Coronal,1,0.25,160.0,-11.320452579427496,-11.231093373178155,0.13817238125196607,False
1.2.826.0.1.3680043.8.498.98239758242192048511912905088391835938,Coronal,0,0.41666665673256,159.99999618530302,-12.937236900415105,6.671134941182403,0.03836160060471494,False
1.2.826.0.1.3680043.8.498.98239758242192048511912905088391835938,Axial,-1,0.29296875,150.0,-2.296419970488331,9.553607783701768,0.0,False
1.2.826.0.1.3680043.8.498.98676079331571304021387833410440136393,Sagittal,1,0.1875,150.0,-14.323257617885513,-4.932201217374054,0.04974692645813927,False
1.2.826.0.1.3680043.8.498.98676079331571304021387833410440136393,Sagittal,0,0.1674,149.9904,-13.588287633285388,-3.7981093100177232,0.0367315486837676,False
1.2.826.0.1.3680043.8.498.98676079331571304021387833410440136393,Coronal,1,0.2656,169.984,0.012272330170757233,-9.523578618371133,0.11386641770795491,False
1.2.826.0.1.3680043.8.498.98676079331571304021387833410440136393,Axial,-1,0.25,320.0,2.159430064918638,8.921844701121316,0.0,False
1.2.826.0.1.3680043.8.498.99052905406751383674032587504235261874,Sagittal,1,0.33333334326744,160.0000047683712,25.382811080347274,-11.901247872982713,0.1416036981064983,False
1.2.826.0.1.3680043.8.498.99052905406751383674032587504235261874,Sagittal,0,0.24705535173416,166.0211963653555,4.198223017086472,-11.629412722918087,0.16267784603685986,False
1.2.826.0.1.3680043.8.498.99052905406751383674032587504235261874,Coronal,1,0.33203125,170.0,0.3716571017464987,-10.347464232947742,0.1420191786690861,False
1.2.826.0.1.3680043.8.498.99052905406751383674032587504235261874,Coronal,0,0.265625,170.0,1.7684180749938934,-8.610678518096556,0.13301057523072546,False
1.2.826.0.1.3680043.8.498.99052905406751383674032587504235261874,Axial,-1,0.27591297030448,158.92587089538046,1.0016035377739207,3.5063391430606012,0.0,False
1.2.826.0.1.3680043.8.498.99413398303724030328059886749330413303,Sagittal,1,0.3125,160.0,12.95449823671678,-10.270002743476914,0.10937683120425323,False
1.2.826.0.1.3680043.8.498.99413398303724030328059886749330413303,Sagittal,0,0.2381,160.0032,-6.610846014462265,-21.123390216286555,0.05779725644295697,False
1.2.826.0.1.3680043.8.498.99413398303724030328059886749330413303,Coronal,1,0.3333,170.6496,9.046410507369055,-20.959514042200563,0.30092848359560176,False
1.2.826.0.1.3680043.8.498.99413398303724030328059886749330413303,Axial,-1,0.3008,174.464,13.924770742107423,12.097093169331695,0.0002460024600245969,False
1.2.826.0.1.3680043.8.498.99578894341571394220300473118855007095,Sagittal,1,0.3516,180.0192,9.377476579544876,-3.690546508015087,0.23326561619748365,False
1.2.826.0.1.3680043.8.498.99578894341571394220300473118855007095,Sagittal,0,0.3516,180.0192,6.121797761151841,-9.138432730904775,0.21355746942313858,False
1.2.826.0.1.3680043.8.498.99578894341571394220300473118855007095,Coronal,1,0.3516,180.0192,4.614880366612416,-0.4129037154670245,0.19253957360889762,False
1.2.826.0.1.3680043.8.498.99578894341571394220300473118855007095,Coronal,0,0.3516,180.0192,7.412940018982792,5.906587522281631,0.10270774976657326,False
1.2.826.0.1.3680043.8.498.99578894341571394220300473118855007095,Axial,-1,0.3516,180.0192,10.71125598136132,-0.04998085180507338,0.04964508121761091,False
